dateRep,cases,deaths,countriesAndTerritories,Population Density 2020 (P/KM2),continentExp,Wind Speed Minimum,Wind Speed Maximum,Wind Speed Median,Wind Speed Variance
31/12/2019,0,0,India,464,Asia,0.4,2.2,1.7,3.58
1/01/2020,0,0,India,464,Asia,0.5,2.6,0.8,4.89
2/01/2020,0,0,India,464,Asia,0.5,1.6,0.7,1.4
3/01/2020,0,0,India,464,Asia,0.1,9.9,0.9,20.86
4/01/2020,0,0,India,464,Asia,0.1,11.8,0.8,20.96
5/01/2020,0,0,India,464,Asia,0.1,14.3,1.1,24.72
6/01/2020,0,0,India,464,Asia,0.1,14,1,34.4
7/01/2020,0,0,India,464,Asia,0.2,14.6,1.4,40.94
8/01/2020,0,0,India,464,Asia,0.1,19,1.1,56.18
9/01/2020,0,0,India,464,Asia,0.2,14.3,1.6,41.63
10/01/2020,0,0,India,464,Asia,0.1,11.2,1.3,29.18
11/01/2020,0,0,India,464,Asia,0.1,13.3,1,25.03
12/01/2020,0,0,India,464,Asia,0.1,7.3,0.7,11.48
13/01/2020,0,0,India,464,Asia,0.1,12,1.4,32.25
14/01/2020,0,0,India,464,Asia,0.2,9.4,1.5,19.83
15/01/2020,0,0,India,464,Asia,0.1,10.1,1.3,15.2
16/01/2020,0,0,India,464,Asia,0.1,8.5,1.2,11.75
17/01/2020,0,0,India,464,Asia,0.1,9.5,1.2,15.22
18/01/2020,0,0,India,464,Asia,0.1,11,0.9,11.85
19/01/2020,0,0,India,464,Asia,0.1,11.2,1.4,14.98
20/01/2020,0,0,India,464,Asia,0.1,6.3,1,6.97
21/01/2020,0,0,India,464,Asia,0.1,9.7,0.8,12.57
22/01/2020,0,0,India,464,Asia,0.1,12.7,1.2,30.71
23/01/2020,0,0,India,464,Asia,0.3,15.2,2.2,48.44
24/01/2020,0,0,India,464,Asia,0.1,14.5,1.7,46.94
25/01/2020,0,0,India,464,Asia,0.1,14.9,0.9,31.32
26/01/2020,0,0,India,464,Asia,0.1,10.6,0.8,16.36
27/01/2020,0,0,India,464,Asia,0.1,14.5,1,33.59
28/01/2020,0,0,India,464,Asia,0.2,18.9,1.7,52.41
29/01/2020,0,0,India,464,Asia,0.1,25.4,1.1,38.18
30/01/2020,1,0,India,464,Asia,0.2,33.2,1.4,40.34
31/01/2020,0,0,India,464,Asia,0.1,36.2,1.2,126.27
1/02/2020,0,0,India,464,Asia,0.1,43.4,1,188.28
2/02/2020,1,0,India,464,Asia,0.1,24.8,1.2,27.89
3/02/2020,0,0,India,464,Asia,0.1,14,1,9.53
4/02/2020,1,0,India,464,Asia,0.1,48.4,0.8,272.66
5/02/2020,0,0,India,464,Asia,0.1,46.9,1.2,196.58
6/02/2020,0,0,India,464,Asia,0.1,34.4,1.1,170.36
7/02/2020,0,0,India,464,Asia,0.1,36.4,1,158.19
8/02/2020,0,0,India,464,Asia,0.1,35.1,1.3,166.94
9/02/2020,0,0,India,464,Asia,0.2,36,0.8,262.01
10/02/2020,0,0,India,464,Asia,0.1,1.3,0.9,1.17
11/02/2020,0,0,India,464,Asia,0.1,36.4,0.7,355.9
12/02/2020,0,0,India,464,Asia,0.1,47.8,1.1,447.9
13/02/2020,0,0,India,464,Asia,0.2,53.3,1.3,589.18
14/02/2020,0,0,India,464,Asia,0.3,62.3,2.3,774.71
15/02/2020,0,0,India,464,Asia,0.3,61,2.4,571.76
16/02/2020,0,0,India,464,Asia,0.1,56.8,1.1,557.11
17/02/2020,0,0,India,464,Asia,0.1,54.8,0.7,537.36
18/02/2020,0,0,India,464,Asia,0.2,51,0.8,750.95
19/02/2020,0,0,India,464,Asia,0.4,30.7,2.1,68.19
20/02/2020,0,0,India,464,Asia,0.2,40.8,2.2,118.62
21/02/2020,0,0,India,464,Asia,0.3,39.9,2.3,132.57
22/02/2020,0,0,India,464,Asia,0.1,108.4,1.4,1149.71
23/02/2020,0,0,India,464,Asia,0.1,110.1,1.1,1731.35
24/02/2020,0,0,India,464,Asia,0.1,31.7,1.8,277.03
25/02/2020,0,0,India,464,Asia,0.1,55,1.2,140.31
26/02/2020,0,0,India,464,Asia,0.2,42,2.3,223.77
27/02/2020,0,0,India,464,Asia,0.1,38.3,1.5,156.15
28/02/2020,0,0,India,464,Asia,0.1,33.4,1.2,181.87
29/02/2020,0,0,India,464,Asia,0,38.2,1.5,165.61
1/03/2020,0,0,India,464,Asia,0.1,31.1,1.1,127.72
2/03/2020,0,0,India,464,Asia,0.2,46.9,1.3,338.33
3/03/2020,2,0,India,464,Asia,0.1,38.9,1.4,372.41
4/03/2020,1,0,India,464,Asia,0.1,38.1,1.4,291.39
5/03/2020,22,0,India,464,Asia,0.1,34.2,1.1,247.39
6/03/2020,1,0,India,464,Asia,0.1,37.6,1.2,219.83
7/03/2020,2,0,India,464,Asia,0.1,38.2,1.1,279.36
8/03/2020,3,0,India,464,Asia,0,43.3,1.2,406.16
10/03/2020,10,0,India,464,Asia,0.1,40.6,1,316.07
11/03/2020,6,0,India,464,Asia,0.1,37.6,1.2,243.18
12/03/2020,23,0,India,464,Asia,0.1,40.8,1.2,377.91
13/03/2020,2,1,India,464,Asia,0.1,46.2,1.7,394.27
14/03/2020,8,1,India,464,Asia,0.1,40.8,1.7,363.91
15/03/2020,7,0,India,464,Asia,0.1,47.6,1.5,415.41
16/03/2020,3,0,India,464,Asia,0.2,46.2,2,434.94
17/03/2020,32,1,India,464,Asia,0.1,48.1,1.7,410.6
18/03/2020,12,0,India,464,Asia,0.1,48.1,1.7,410.6
19/03/2020,28,0,India,464,Asia,0.1,44.6,1.5,353.32
20/03/2020,26,1,India,464,Asia,0.1,44.6,1.5,353.32
21/03/2020,40,0,India,464,Asia,0.1,41.8,1.3,368.65
22/03/2020,89,0,India,464,Asia,0.1,48.4,2,559.77
23/03/2020,119,3,India,464,Asia,0.1,45.3,1.5,563.94
24/03/2020,53,2,India,464,Asia,0.1,46.4,1.2,581.6
25/03/2020,70,0,India,464,Asia,0.1,43.8,1.1,230.4
26/03/2020,87,4,India,464,Asia,0.1,34.03,1.1,195.87
27/03/2020,75,4,India,464,Asia,0.1,33.98,1.1,195.04
28/03/2020,149,2,India,464,Asia,0.1,33.94,1.1,194.42
29/03/2020,106,6,India,464,Asia,0.1,33.91,1.1,193.74
30/03/2020,92,4,India,464,Asia,0.1,48.1,1.7,410.6
31/03/2020,180,3,India,464,Asia,0.1,44.6,1.5,353.32
1/04/2020,146,3,India,464,Asia,0.1,41.8,1.3,368.65
2/04/2020,568,15,India,464,Asia,0.1,48.4,2,559.77
3/04/2020,336,6,India,464,Asia,0.1,45.3,1.5,563.94
4/04/2020,601,12,India,464,Asia,0.1,46.4,1.2,581.6
5/04/2020,472,9,India,464,Asia,0.1,43.8,1.1,230.4
6/04/2020,693,32,India,464,Asia,0,32.2,1.1,285.81
7/04/2020,354,5,India,464,Asia,0.1,38.2,1.9,314.12
8/04/2020,773,35,India,464,Asia,0.2,32.5,1.9,349.24
9/04/2020,540,17,India,464,Asia,0.1,32.9,1.3,390.16
10/04/2020,678,33,India,464,Asia,0.1,38.2,0.9,301.22
11/04/2020,1035,40,India,464,Asia,0.1,38.3,1.1,349.03
12/04/2020,909,34,India,464,Asia,0.1,45.1,1.5,433.58
13/04/2020,796,35,India,464,Asia,0,32.3,1.1,184.17
14/04/2020,1211,31,India,464,Asia,0.1,23.9,0.8,63.9
15/04/2020,1075,38,India,464,Asia,0.1,44.7,1,222.77
16/04/2020,942,37,India,464,Asia,0.1,42.4,1.2,434.11
17/04/2020,1007,23,India,464,Asia,0.2,46.6,1.8,369.65
18/04/2020,991,43,India,464,Asia,0.2,45.1,1.9,393.66
19/04/2020,1334,27,India,464,Asia,0.1,41,1.2,463.55
20/04/2020,1553,36,India,464,Asia,0.1,48.3,1.1,494.95
21/04/2020,1335,47,India,464,Asia,0.1,44.2,1.1,403.93
22/04/2020,1384,50,India,464,Asia,0.1,44.2,0.9,469.89
23/04/2020,1409,41,India,464,Asia,0.1,48.6,1.1,255.3
24/04/2020,1684,37,India,464,Asia,0.1,48.1,1,341.43
25/04/2020,1429,57,India,464,Asia,0.1,42.1,1.2,331.24
26/04/2020,1990,49,India,464,Asia,0.1,46.1,1.6,285.91
27/04/2020,1396,48,India,464,Asia,0.1,43.2,2.3,313.96
28/04/2020,1543,62,India,464,Asia,0.1,40.7,1.4,167.88
29/04/2020,1897,73,India,464,Asia,0.1,45.2,1.2,311.42
30/04/2020,1718,67,India,464,Asia,0.2,47.7,1.2,351.52
1/05/2020,1993,73,India,464,Asia,0.1,49.2,1.4,328.97
2/05/2020,2293,71,India,464,Asia,0.2,45.5,2.5,284.09
3/05/2020,2644,83,India,464,Asia,0.2,59.6,1.9,360.97
4/05/2020,2553,72,India,464,Asia,0.1,32.3,1.2,100.02
5/05/2020,3900,195,India,464,Asia,0.1,51.7,1.1,168.3
6/05/2020,2958,126,India,464,Asia,0.1,37.7,1.3,117.4
7/05/2020,3561,89,India,464,Asia,0.1,45.8,1.5,165.84
8/05/2020,3390,103,India,464,Asia,0.1,53.8,1.3,237.7
9/05/2020,3320,95,India,464,Asia,0.2,39.6,1.5,266.09
10/05/2020,3277,128,India,464,Asia,0.2,35.4,1.9,152.14
11/05/2020,4213,97,India,464,Asia,0.1,9.9,1.6,16.23
12/05/2020,3604,87,India,464,Asia,0.1,8.7,1.4,11.02
13/05/2020,3525,122,India,464,Asia,0.1,28.6,1,55.34
14/05/2020,3722,134,India,464,Asia,0.1,24.5,1,81.96
15/05/2020,3967,100,India,464,Asia,0.1,31.1,1.5,180.72
16/05/2020,3970,103,India,464,Asia,0.1,31.2,1.3,199.19
17/05/2020,4987,120,India,464,Asia,0.1,30.1,0.8,103.62
18/05/2020,5242,157,India,464,Asia,0.1,30.6,1,140.06
19/05/2020,4970,134,India,464,Asia,0.1,27.7,0.9,76.82
20/05/2020,5611,140,India,464,Asia,0.1,31.3,1.4,184.33
21/05/2020,5609,132,India,464,Asia,0.1,31.1,1.4,196.42
22/05/2020,6088,148,India,464,Asia,0.1,31.7,0.8,134.92
23/05/2020,6654,137,India,464,Asia,0.1,28.5,1,80.59
24/05/2020,6767,147,India,464,Asia,0.1,31,1.2,148.18
25/05/2020,6977,154,India,464,Asia,0.1,31.2,1.2,160.25
26/05/2020,6535,146,India,464,Asia,0.1,29.7,1.2,148.94
27/05/2020,6387,170,India,464,Asia,0.2,28.2,1.4,70.26
28/05/2020,6566,194,India,464,Asia,0.4,14.6,2.9,33.77
29/05/2020,7466,175,India,464,Asia,0.3,15.8,2.4,37.41
30/05/2020,7964,265,India,464,Asia,0.1,18.3,1.9,26.16
31/05/2020,8380,193,India,464,Asia,0.2,22.6,1.6,44.22
1/06/2020,8392,230,India,464,Asia,0.1,18.1,0.8,22.8
2/06/2020,8171,204,India,464,Asia,0.1,25.9,1.1,64.32
3/06/2020,8909,217,India,464,Asia,0.1,42.5,0.9,65.06
4/06/2020,9304,260,India,464,Asia,0.1,24.3,1.2,57.72
5/06/2020,9851,273,India,464,Asia,0.1,16.5,1.2,27.89
6/06/2020,9887,294,India,464,Asia,0.2,16.6,1.3,19.49
7/06/2020,9971,287,India,464,Asia,0.1,25.5,1.2,48.49
8/06/2020,9983,206,India,464,Asia,0.1,27,1,62.57
9/06/2020,9987,331,India,464,Asia,0.1,26,0.8,64.75
10/06/2020,9985,279,India,464,Asia,0.1,22.4,0.9,63.02
11/06/2020,9996,357,India,464,Asia,0.1,23.5,0.9,33.21
12/06/2020,10956,396,India,464,Asia,0.1,19.1,1.2,19.88
13/06/2020,11458,386,India,464,Asia,0.1,30.2,1.3,42.71
14/06/2020,11929,311,India,464,Asia,0.1,12,1,10.59
15/06/2020,11502,325,India,464,Asia,0.1,28.4,1.1,63.48
16/06/2020,10667,380,India,464,Asia,0.1,16.2,1.4,24.83
17/06/2020,10974,2003,India,464,Asia,0.4,9.3,2,20.57
18/06/2020,12881,334,India,464,Asia,0.2,11.6,1.6,15.67
19/06/2020,13586,336,India,464,Asia,0.3,16.6,1.7,20.64
20/06/2020,14516,375,India,464,Asia,0.1,30.5,1.3,47.41
21/06/2020,15413,306,India,464,Asia,0.2,17,1.2,23.49
22/06/2020,14821,445,India,464,Asia,0.1,23.3,1.2,25.56
23/06/2020,14933,312,India,464,Asia,0.3,8.9,1.9,21.73
24/06/2020,15968,465,India,464,Asia,0.2,8.7,1.5,19.4
25/06/2020,16922,418,India,464,Asia,0.1,23.7,0.8,72.18
26/06/2020,17296,407,India,464,Asia,0.1,28.7,1.1,90.66
27/06/2020,18552,384,India,464,Asia,0.1,30.1,1.3,145.43
28/06/2020,19906,410,India,464,Asia,0.1,28.7,1.2,144.48
29/06/2020,19459,380,India,464,Asia,0.1,26.3,1.4,77.04
30/06/2020,18522,418,India,464,Asia,0.2,22,1.8,30.52
1/07/2020,18653,507,India,464,Asia,0.2,32.5,1.4,43.94
2/07/2020,19148,434,India,464,Asia,0.2,15,1.1,20.94
3/07/2020,20903,379,India,464,Asia,0.1,108.7,1.5,1117.59
4/07/2020,22771,442,India,464,Asia,0.3,109.4,2.2,2809.48
5/07/2020,24850,613,India,464,Asia,0.1,109.5,1.7,2126.82
6/07/2020,24248,425,India,464,Asia,0.1,109.5,1.5,2858.99
7/07/2020,22252,467,India,464,Asia,0.2,111.8,2.1,1946.19
8/07/2020,22752,482,India,464,Asia,0.2,14.9,1.7,26.29
9/07/2020,24879,487,India,464,Asia,0.1,63.8,0.9,105.42
10/07/2020,26506,475,India,464,Asia,0.1,29.5,1.4,130.05
11/07/2020,27114,519,India,464,Asia,0.1,22.9,1.3,50.12
12/07/2020,28637,551,India,464,Asia,0.1,30.1,1.5,101.44
13/07/2020,28701,500,India,464,Asia,0.1,29.1,1.1,120.99
14/07/2020,28498,553,India,464,Asia,0.1,24.7,1,60.17
15/07/2020,29429,582,India,464,Asia,0.1,8,1.9,15.61
16/07/2020,32695,606,India,464,Asia,0.2,16.2,1.8,20.11
17/07/2020,34956,687,India,464,Asia,0.2,29.7,1.8,30.87
18/07/2020,34884,671,India,464,Asia,0.2,26.7,1.5,41.09
19/07/2020,38902,543,India,464,Asia,0.1,25.4,1.1,68.7
20/07/2020,40425,681,India,464,Asia,0.1,28.4,1.2,89.5
21/07/2020,37148,587,India,464,Asia,0.1,25.7,1.4,45.79
22/07/2020,37724,648,India,464,Asia,0.1,29.7,1,77.99
23/07/2020,45720,1129,India,464,Asia,0.1,30.1,0.8,109.66
24/07/2020,49310,740,India,464,Asia,0.1,25.3,1.4,24.95
25/07/2020,48916,757,India,464,Asia,0.2,7.6,1.4,13.3
26/07/2020,48661,705,India,464,Asia,0.1,19.8,0.8,27.31
27/07/2020,49931,708,India,464,Asia,0,29.5,1.2,145.33
28/07/2020,47703,654,India,464,Asia,0.1,29.2,1.2,135.86
29/07/2020,48513,768,India,464,Asia,0.1,20,1.2,35.33
30/07/2020,52123,775,India,464,Asia,0.1,28.6,1.2,42.95
31/07/2020,55078,779,India,464,Asia,0.1,17.8,0.9,19.29
1/08/2020,57118,764,India,464,Asia,0.1,25.7,1,53.74
2/08/2020,54735,853,India,464,Asia,0.1,29.6,1,135.53
3/08/2020,52972,771,India,464,Asia,0.1,28.5,1.2,126.45
4/08/2020,52050,803,India,464,Asia,0.1,25.4,1,72.27
5/08/2020,52509,857,India,464,Asia,0.1,21.3,1,27.21
6/08/2020,56282,904,India,464,Asia,0.1,14.6,2.3,39.97
7/08/2020,62538,886,India,464,Asia,0.2,8.6,2,26.72
8/08/2020,61537,933,India,464,Asia,0.1,20.1,0.7,27.87
9/08/2020,64399,861,India,464,Asia,0.1,30.5,1,89.3
10/08/2020,62064,1007,India,464,Asia,0.1,86.6,1.3,393.66
11/08/2020,53601,871,India,464,Asia,0.1,58.6,0.9,161.64
12/08/2020,60963,834,India,464,Asia,0.1,88.6,1.3,371.26
13/08/2020,66999,942,India,464,Asia,0.1,123.9,1,357.52
14/08/2020,64553,1007,India,464,Asia,0.1,48.6,1.4,186.99
15/08/2020,65002,996,India,464,Asia,0.2,79.2,1.3,921.06
16/08/2020,63490,944,India,464,Asia,0.2,84,1.2,1175.3
17/08/2020,57981,941,India,464,Asia,0.1,87.1,1.2,1082.1
18/08/2020,55079,876,India,464,Asia,0.1,80.7,1,501.8
19/08/2020,64531,1092,India,464,Asia,0.1,89.3,1,817.85
20/08/2020,69652,977,India,464,Asia,0.1,98,1.2,1219.96
21/08/2020,68898,983,India,464,Asia,0.1,92.2,1.3,115.57
22/08/2020,69878,945,India,464,Asia,0.2,10.1,2.1,25.32
23/08/2020,69239,912,India,464,Asia,0.2,7.4,2.3,20.96
24/08/2020,61408,836,India,464,Asia,0.2,88,1.8,515.39
25/08/2020,60975,848,India,464,Asia,0.1,89.7,1.3,1048.82
26/08/2020,67151,1059,India,464,Asia,0.1,80,1,474.83
27/08/2020,75760,1023,India,464,Asia,0.1,88.1,1,656.61
28/08/2020,77266,1057,India,464,Asia,0.1,70.3,0.9,352.54
29/08/2020,76472,1021,India,464,Asia,0.1,56.4,1,318.65
30/08/2020,78761,948,India,464,Asia,0.2,85.1,2.4,959.28
31/08/2020,78512,971,India,464,Asia,0.1,59.1,1.9,210.88
1/09/2020,69921,759,India,464,Asia,0.1,100.2,1.2,317.45
2/09/2020,78357,1105,India,464,Asia,0.1,26.2,0.8,75.2
3/09/2020,83883,1043,India,464,Asia,0.1,14.9,1.5,19.55
4/09/2020,83341,1096,India,464,Asia,0.1,20.2,1.1,36.51
5/09/2020,86432,1089,India,464,Asia,0.1,26.8,0.9,61.15
6/09/2020,90632,1065,India,464,Asia,0.1,27,0.8,69.24
7/09/2020,90802,1016,India,464,Asia,0.1,43.1,0.9,91.93
8/09/2020,75809,1133,India,464,Asia,0.1,27.7,1,113.85
9/09/2020,89706,1115,India,464,Asia,0,29.4,0.9,133.2
10/09/2020,95735,1172,India,464,Asia,0.1,28.7,1,142.11
11/09/2020,96551,1209,India,464,Asia,0.1,25.3,0.7,66.17
12/09/2020,97570,1201,India,464,Asia,0.1,20.3,0.7,39.43
13/09/2020,94372,1114,India,464,Asia,0.1,18.9,0.7,33.55
14/09/2020,92071,1136,India,464,Asia,0.1,21.9,0.6,37.24
15/09/2020,83809,1054,India,464,Asia,0,27.3,0.6,66.68
16/09/2020,90123,1290,India,464,Asia,0.1,27.5,0.9,95.37
17/09/2020,97894,1132,India,464,Asia,0.1,29.2,1.1,129.94
18/09/2020,96424,1174,India,464,Asia,0.1,29.2,1.2,128.84
19/09/2020,93337,1247,India,464,Asia,0.1,29.7,0.8,62.07
20/09/2020,92605,1133,India,464,Asia,0,25.4,1,71.26
21/09/2020,86961,1130,India,464,Asia,0.1,19.5,0.9,47.18
22/09/2020,75083,1053,India,464,Asia,0.1,16.2,1.1,19.88
23/09/2020,83347,1085,India,464,Asia,0.1,9.9,1.1,16.03
24/09/2020,86508,1129,India,464,Asia,0.1,11.5,1,13.47
25/09/2020,86052,1141,India,464,Asia,0.1,27.2,1,93.7
26/09/2020,85362,1089,India,464,Asia,0.1,29.7,0.8,110.28
27/09/2020,88600,1124,India,464,Asia,0.1,29.7,0.9,117.55
28/09/2020,82170,1039,India,464,Asia,0,28.7,0.9,141.51
29/09/2020,70589,776,India,464,Asia,0.1,30.7,1.1,133.43
30/09/2020,80472,1179,India,464,Asia,0.1,29.9,1.1,149.93
1/10/2020,86821,1181,India,464,Asia,0.1,28.9,1,123.76
2/10/2020,81484,1095,India,464,Asia,0.1,29.3,0.8,114.55
3/10/2020,79476,1069,India,464,Asia,0.1,28.9,0.7,104.77
4/10/2020,75829,940,India,464,Asia,0,29.8,0.7,95.93
5/10/2020,74442,903,India,464,Asia,0.1,30.8,1,133.69
6/10/2020,61267,884,India,464,Asia,0.1,29.4,0.8,122.83
7/10/2020,72049,986,India,464,Asia,0,29,0.8,106.65
8/10/2020,78524,971,India,464,Asia,0.1,26.7,0.9,99.4
9/10/2020,70496,964,India,464,Asia,0.1,21,0.7,53.27
10/10/2020,73272,926,India,464,Asia,0.1,30.2,0.8,90.13
11/10/2020,74383,918,India,464,Asia,0.1,29.9,0.7,105.9
12/10/2020,66732,816,India,464,Asia,0.1,22.3,0.5,44.44
13/10/2020,55342,706,India,464,Asia,0.1,9,0.7,10.56
14/10/2020,63509,730,India,464,Asia,0,15.9,0.6,16.41
15/10/2020,67708,680,India,464,Asia,0.1,32.1,0.7,52.25
16/10/2020,63371,895,India,464,Asia,0,21.6,0.6,44.26
17/10/2020,62212,837,India,464,Asia,0,28.8,0.5,59.51
18/10/2020,61871,1033,India,464,Asia,0,29.1,0.8,121.05
19/10/2020,55722,579,India,464,Asia,0,29.8,0.9,130.1
20/10/2020,46790,587,India,464,Asia,0,25.7,0.6,68.74
21/10/2020,54044,717,India,464,Asia,0,21.8,0.5,43.17
22/10/2020,55839,702,India,464,Asia,0.1,21.2,0.6,35.76
23/10/2020,54366,690,India,464,Asia,0,26.1,0.6,49.66
24/10/2020,53370,650,India,464,Asia,0.1,29.6,0.6,88.41
25/10/2020,50129,578,India,464,Asia,0,20.2,0.4,50.96
26/10/2020,45148,480,India,464,Asia,0,24.5,0.6,59.03
27/10/2020,36470,488,India,464,Asia,0,32.2,0.8,151.1
28/10/2020,43893,508,India,464,Asia,0,26.8,0.5,77
29/10/2020,49881,517,India,464,Asia,0,27.4,0.4,52.24
30/10/2020,48648,563,India,464,Asia,0,30.4,0.7,95.94
31/10/2020,48268,551,India,464,Asia,0,30.7,1,167.08
1/11/2020,46963,470,India,464,Asia,0.1,29.3,0.8,135.19
2/11/2020,45231,496,India,464,Asia,0,29.1,0.6,123.43
3/11/2020,38310,490,India,464,Asia,0,26.2,0.5,74.04
4/11/2020,46253,514,India,464,Asia,0,28.9,0.6,98.79
5/11/2020,50210,704,India,464,Asia,0,30.2,0.6,107.94
6/11/2020,47638,670,India,464,Asia,0,26.6,0.6,85.99
7/11/2020,50356,577,India,464,Asia,0,30,0.6,125.67
8/11/2020,45674,559,India,464,Asia,0.1,20.9,0.4,26.5
9/11/2020,45903,490,India,464,Asia,0.1,25.9,0.5,27.76
10/11/2020,38073,448,India,464,Asia,0,22.9,0.4,12.96
11/11/2020,44281,512,India,464,Asia,0,18.6,0.5,19.22
12/11/2020,47905,550,India,464,Asia,0,21.3,0.4,30.86
13/11/2020,44879,547,India,464,Asia,0,23.2,0.5,45.96
14/11/2020,44684,520,India,464,Asia,0,19,0.4,28.46
15/11/2020,41100,447,India,464,Asia,0.1,15.5,1.1,28.23
16/11/2020,30548,435,India,464,Asia,0,21.4,0.9,44.31
17/11/2020,29163,449,India,464,Asia,0,30.2,0.8,134.71
18/11/2020,38617,474,India,464,Asia,0.1,29.1,0.7,83.12
19/11/2020,45576,585,India,464,Asia,0,28.5,0.6,69.69
20/11/2020,45882,584,India,464,Asia,0.1,31.4,0.9,164.58
21/11/2020,46232,564,India,464,Asia,0.1,32.1,1.1,211.21
22/11/2020,45209,501,India,464,Asia,0.1,29.7,0.7,141.29
23/11/2020,44059,511,India,464,Asia,0,20.1,0.4,50.38
24/11/2020,37975,480,India,464,Asia,0,20.6,0.4,31.54
25/11/2020,44376,481,India,464,Asia,0,10.2,0.7,12.26
26/11/2020,44489,524,India,464,Asia,0,26.6,0.9,48.15
27/11/2020,43082,492,India,464,Asia,0,30.8,1,181.6
28/11/2020,41322,485,India,464,Asia,0.1,29.9,1,162.84
29/11/2020,41810,496,India,464,Asia,0,29.3,0.6,88.97
30/11/2020,38772,443,India,464,Asia,0.1,29.9,0.5,97.72
1/12/2020,31118,482,India,464,Asia,0,30.5,0.5,98.99
2/12/2020,36604,501,India,464,Asia,0,30,0.7,108.72
3/12/2020,35551,526,India,464,Asia,0,27.4,0.5,82.1
4/12/2020,36595,540,India,464,Asia,0,19.8,0.6,37.07
5/12/2020,36652,512,India,464,Asia,0,9.8,1,16.65
6/12/2020,36011,482,India,464,Asia,0,28.2,0.7,52.97
7/12/2020,32981,391,India,464,Asia,0.1,30.4,0.7,132.38
8/12/2020,26567,385,India,464,Asia,0,23.9,0.4,59
9/12/2020,32080,402,India,464,Asia,0,24.8,0.4,69.2
10/12/2020,31521,412,India,464,Asia,0,28.7,0.6,112.61
11/12/2020,29398,414,India,464,Asia,0,26.2,0.5,45.44
12/12/2020,30006,442,India,464,Asia,0.1,27.5,0.7,61.93
13/12/2020,30254,391,India,464,Asia,0.1,31,1.1,158.65
14/12/2020,27071,336,India,464,Asia,0.2,31.2,1.1,136.27
31/12/2019,0,0,Indonesia,151,Asia,0.4,6.4,2.7,29.15
1/01/2020,0,0,Indonesia,151,Asia,0.4,6.5,2.7,29.43
2/01/2020,0,0,Indonesia,151,Asia,0.4,6.5,2.7,29.66
3/01/2020,0,0,Indonesia,151,Asia,1.3,4.9,2.2,12.76
4/01/2020,0,0,Indonesia,151,Asia,0.1,5.7,1.6,25.23
5/01/2020,0,0,Indonesia,151,Asia,0.1,4.9,2.2,14.88
6/01/2020,0,0,Indonesia,151,Asia,0.1,5.7,0.9,30.36
7/01/2020,0,0,Indonesia,151,Asia,0.2,4,1.8,14.53
8/01/2020,0,0,Indonesia,151,Asia,0.1,3.7,1.8,16.08
9/01/2020,0,0,Indonesia,151,Asia,0.1,5.6,2.6,23.55
10/01/2020,0,0,Indonesia,151,Asia,0.2,3.6,2.4,9.16
11/01/2020,0,0,Indonesia,151,Asia,0.1,6.9,3.1,45.34
12/01/2020,0,0,Indonesia,151,Asia,1.1,4.6,2.7,13.12
13/01/2020,0,0,Indonesia,151,Asia,1,5.5,2.2,12.05
14/01/2020,0,0,Indonesia,151,Asia,0.2,6.1,2.4,28.68
15/01/2020,0,0,Indonesia,151,Asia,0.2,4.5,2.4,12.41
16/01/2020,0,0,Indonesia,151,Asia,0.1,7.1,1.8,39.39
17/01/2020,0,0,Indonesia,151,Asia,0.2,5.6,2.5,27.3
18/01/2020,0,0,Indonesia,151,Asia,0.3,4.2,1.2,17.11
19/01/2020,0,0,Indonesia,151,Asia,0.1,5,2.1,28.66
20/01/2020,0,0,Indonesia,151,Asia,0.3,4.8,1.6,21.79
21/01/2020,0,0,Indonesia,151,Asia,0.2,4.8,1.7,25.79
22/01/2020,0,0,Indonesia,151,Asia,0.2,4,1.5,12.94
23/01/2020,0,0,Indonesia,151,Asia,0.2,5.3,1.5,20.4
24/01/2020,0,0,Indonesia,151,Asia,0.2,2.3,1.3,4.39
25/01/2020,0,0,Indonesia,151,Asia,0.1,5.2,1.8,27.25
26/01/2020,0,0,Indonesia,151,Asia,0.1,4.9,1.8,22.23
27/01/2020,0,0,Indonesia,151,Asia,0.2,5.7,1.8,26.24
28/01/2020,0,0,Indonesia,151,Asia,0.2,4.5,1.4,17.55
29/01/2020,0,0,Indonesia,151,Asia,0.1,5.9,2.4,30.81
30/01/2020,0,0,Indonesia,151,Asia,0.1,5.5,2.1,24.95
31/01/2020,0,0,Indonesia,151,Asia,0.2,5.2,1.6,28.03
1/02/2020,0,0,Indonesia,151,Asia,1.1,4.9,1.9,7.34
2/02/2020,0,0,Indonesia,151,Asia,0.2,3.8,1.5,6.62
3/02/2020,0,0,Indonesia,151,Asia,0.1,2.9,1.4,6.14
4/02/2020,0,0,Indonesia,151,Asia,0.2,5.2,2.5,21.47
5/02/2020,0,0,Indonesia,151,Asia,0.6,5.9,1.6,32.95
6/02/2020,0,0,Indonesia,151,Asia,0.1,4.3,1.3,19.92
7/02/2020,0,0,Indonesia,151,Asia,0.1,6.3,2.5,27.66
8/02/2020,0,0,Indonesia,151,Asia,0.1,5.5,2.3,22.37
9/02/2020,0,0,Indonesia,151,Asia,0.1,3.9,1.5,21.85
10/02/2020,0,0,Indonesia,151,Asia,1.8,8.7,4.3,40.71
11/02/2020,0,0,Indonesia,151,Asia,0.4,4.5,1.5,10.25
12/02/2020,0,0,Indonesia,151,Asia,0.1,5.2,2,31.92
13/02/2020,0,0,Indonesia,151,Asia,1,5.8,1.7,19.61
14/02/2020,0,0,Indonesia,151,Asia,0.2,6.2,1.6,25.22
15/02/2020,0,0,Indonesia,151,Asia,0.2,3.7,2.3,11.17
16/02/2020,0,0,Indonesia,151,Asia,0.2,5,1.8,23.04
17/02/2020,0,0,Indonesia,151,Asia,0.1,4.6,2,26.65
18/02/2020,0,0,Indonesia,151,Asia,0.1,0.6,0.3,0.49
19/02/2020,0,0,Indonesia,151,Asia,0.5,3.1,1.8,12.68
20/02/2020,0,0,Indonesia,151,Asia,0.5,4.5,2.5,10.73
21/02/2020,0,0,Indonesia,151,Asia,0.1,6.1,2.8,35.01
22/02/2020,0,0,Indonesia,151,Asia,0.8,6.1,4,23.81
23/02/2020,0,0,Indonesia,151,Asia,0.1,5.5,1.5,23.98
24/02/2020,0,0,Indonesia,151,Asia,2.6,8.1,3.7,37.13
25/02/2020,0,0,Indonesia,151,Asia,1.4,5.2,2.7,13.38
26/02/2020,0,0,Indonesia,151,Asia,0.7,4.8,2.7,14.23
27/02/2020,0,0,Indonesia,151,Asia,0.3,4.2,1.4,12.92
28/02/2020,0,0,Indonesia,151,Asia,0.1,4.8,2,21.51
29/02/2020,0,0,Indonesia,151,Asia,0.1,5.7,2.4,20.67
1/03/2020,0,0,Indonesia,151,Asia,0.3,4.9,2.1,21.65
2/03/2020,2,0,Indonesia,151,Asia,0.3,7.9,1.5,40.49
7/03/2020,2,0,Indonesia,151,Asia,0.2,6.2,1.9,31.85
9/03/2020,2,0,Indonesia,151,Asia,0.2,2.7,1.5,6.41
11/03/2020,13,0,Indonesia,151,Asia,0.1,6.6,2,24.02
12/03/2020,15,1,Indonesia,151,Asia,0.1,5.5,2,18.36
14/03/2020,35,3,Indonesia,151,Asia,0.1,5.7,3,19.09
15/03/2020,27,0,Indonesia,151,Asia,0.2,4.3,2,11.41
16/03/2020,21,1,Indonesia,151,Asia,0.1,6.7,1.5,12.06
17/03/2020,17,0,Indonesia,151,Asia,0.1,4.6,2,14.21
18/03/2020,38,0,Indonesia,151,Asia,0.1,6,2,20.89
19/03/2020,0,0,Indonesia,151,Asia,0.2,5,2.5,17.8
20/03/2020,55,14,Indonesia,151,Asia,0.1,4.6,1.7,12.46
21/03/2020,82,6,Indonesia,151,Asia,0.6,4.5,1.5,6.63
22/03/2020,141,13,Indonesia,151,Asia,0.1,6.1,1.9,29.33
23/03/2020,64,10,Indonesia,151,Asia,0.4,4.9,1.5,10.5
24/03/2020,65,1,Indonesia,151,Asia,0.4,4.9,1.5,10.5
25/03/2020,107,6,Indonesia,151,Asia,0.1,6.9,2.3,19.07
26/03/2020,104,3,Indonesia,151,Asia,0.1,6.9,2.3,19.07
27/03/2020,103,20,Indonesia,151,Asia,0.2,5.5,2,21.65
28/03/2020,153,9,Indonesia,151,Asia,0.3,6.2,3.6,32.09
29/03/2020,109,15,Indonesia,151,Asia,0.5,6.1,2.3,19.27
30/03/2020,130,12,Indonesia,151,Asia,0.2,6.2,2.5,26.66
31/03/2020,129,8,Indonesia,151,Asia,0.1,7.5,2.3,17.48
1/04/2020,114,14,Indonesia,151,Asia,0.2,5.5,2,21.65
2/04/2020,149,21,Indonesia,151,Asia,0.3,6.2,3.6,32.09
3/04/2020,113,13,Indonesia,151,Asia,0.5,6.1,2.3,19.27
4/04/2020,196,11,Indonesia,151,Asia,0.2,6.2,2.5,26.66
5/04/2020,106,10,Indonesia,151,Asia,0.1,7.5,2.3,17.48
6/04/2020,181,7,Indonesia,151,Asia,0.2,5.4,2,16.73
7/04/2020,218,11,Indonesia,151,Asia,0.7,5.9,4.5,21.7
8/04/2020,247,12,Indonesia,151,Asia,0.1,3.7,2,10.98
9/04/2020,218,19,Indonesia,151,Asia,0.4,3.8,1.6,7.54
10/04/2020,337,40,Indonesia,151,Asia,0.1,5.7,1.5,19.58
11/04/2020,219,26,Indonesia,151,Asia,0.1,5.5,1.5,13.57
12/04/2020,330,21,Indonesia,151,Asia,0.2,6.6,2.1,27.36
13/04/2020,399,46,Indonesia,151,Asia,0.2,8.6,2,29.47
14/04/2020,316,26,Indonesia,151,Asia,0.7,4.8,2,5.39
15/04/2020,282,60,Indonesia,151,Asia,0.2,6,1.8,19.13
16/04/2020,297,10,Indonesia,151,Asia,0.2,6.6,2.3,32.49
17/04/2020,380,27,Indonesia,151,Asia,0.4,5.4,2.2,15.27
18/04/2020,407,24,Indonesia,151,Asia,0.2,5,2,9.47
19/04/2020,325,15,Indonesia,151,Asia,0.1,5.9,2.3,20.32
20/04/2020,327,47,Indonesia,151,Asia,0.7,5.9,3.6,16.86
21/04/2020,185,8,Indonesia,151,Asia,0.7,5.5,2.6,15.41
22/04/2020,375,26,Indonesia,151,Asia,0.5,7.7,3.3,53.59
23/04/2020,283,19,Indonesia,151,Asia,0.4,11,4.8,162.31
24/04/2020,357,12,Indonesia,151,Asia,1.5,11,4.6,158.41
25/04/2020,436,42,Indonesia,151,Asia,0.5,11,3.8,117.47
26/04/2020,396,31,Indonesia,151,Asia,0.5,5.4,2.3,27.44
27/04/2020,275,23,Indonesia,151,Asia,0.1,5.1,2,16.31
28/04/2020,214,22,Indonesia,151,Asia,0.1,6.9,1.5,34.2
29/04/2020,415,8,Indonesia,151,Asia,0.1,4.1,2,13.11
30/04/2020,260,11,Indonesia,151,Asia,0.2,5.6,2,13.72
1/05/2020,347,8,Indonesia,151,Asia,0.2,4.6,2.5,18.33
2/05/2020,433,8,Indonesia,151,Asia,0.1,7.4,2.3,32.75
3/05/2020,292,31,Indonesia,151,Asia,0.2,6.5,3.6,34.98
4/05/2020,349,14,Indonesia,151,Asia,0.5,5.7,3,18.55
5/05/2020,395,19,Indonesia,151,Asia,0.4,7.7,4.1,43.41
6/05/2020,484,8,Indonesia,151,Asia,0.2,6.4,2.9,36.44
7/05/2020,367,23,Indonesia,151,Asia,0.1,6.9,3,45.49
8/05/2020,338,35,Indonesia,151,Asia,0.2,6.6,1.6,17.96
9/05/2020,336,13,Indonesia,151,Asia,0.1,3,1.6,5.93
10/05/2020,533,16,Indonesia,151,Asia,0.1,6.6,2.3,22.38
11/05/2020,387,14,Indonesia,151,Asia,0.1,7.4,3,35.23
12/05/2020,233,18,Indonesia,151,Asia,0.7,6,2.6,27.47
13/05/2020,484,16,Indonesia,151,Asia,0.3,7.5,3,50.11
14/05/2020,689,21,Indonesia,151,Asia,0.3,8.7,2.9,54.62
15/05/2020,568,15,Indonesia,151,Asia,0.3,9.7,3.2,63.89
16/05/2020,490,33,Indonesia,151,Asia,0.3,10.5,2.8,84.8
17/05/2020,529,13,Indonesia,151,Asia,0.1,5.6,2.6,30.74
18/05/2020,489,59,Indonesia,151,Asia,0.3,10.2,1.5,39.03
19/05/2020,496,43,Indonesia,151,Asia,0.1,7.3,2.3,26.11
20/05/2020,486,30,Indonesia,151,Asia,0.7,7.9,3.5,30.34
21/05/2020,693,21,Indonesia,151,Asia,0.1,3.6,2,6.85
22/05/2020,973,36,Indonesia,151,Asia,0.4,5.1,3,15.2
23/05/2020,634,48,Indonesia,151,Asia,0.2,5.6,2.5,24.93
24/05/2020,949,25,Indonesia,151,Asia,0.1,7.7,4.1,56.97
25/05/2020,526,21,Indonesia,151,Asia,0.2,6.9,3,33.46
26/05/2020,479,19,Indonesia,151,Asia,0.3,6.7,3.3,29.22
27/05/2020,415,27,Indonesia,151,Asia,0.1,5.3,2.3,16.03
28/05/2020,686,55,Indonesia,151,Asia,0.1,4.4,2,11.07
29/05/2020,687,23,Indonesia,151,Asia,1,5.7,2.5,19.76
30/05/2020,678,24,Indonesia,151,Asia,0.3,6.1,3.8,38.3
31/05/2020,557,53,Indonesia,151,Asia,0.1,4.3,2.5,14.25
1/06/2020,700,40,Indonesia,151,Asia,0.2,7.1,3.4,41.71
2/06/2020,467,28,Indonesia,151,Asia,0.1,7.7,4.1,34.27
3/06/2020,609,22,Indonesia,151,Asia,0.7,6.6,3,44.14
4/06/2020,684,35,Indonesia,151,Asia,0.3,8,5.1,43.68
5/06/2020,585,23,Indonesia,151,Asia,0.2,5.4,2,9.22
6/06/2020,703,49,Indonesia,151,Asia,0.2,4.3,1.8,7.31
7/06/2020,993,31,Indonesia,151,Asia,0.3,6.4,2.9,19.98
8/06/2020,672,50,Indonesia,151,Asia,0.2,7.2,3.7,37.28
9/06/2020,847,32,Indonesia,151,Asia,0.2,5.1,1.8,10.59
10/06/2020,1043,40,Indonesia,151,Asia,0.2,7.8,4.1,40.46
11/06/2020,1240,36,Indonesia,151,Asia,0.5,7.2,4.1,35.63
12/06/2020,979,41,Indonesia,151,Asia,1,6.1,3.2,20.76
13/06/2020,1111,48,Indonesia,151,Asia,0.9,5.1,2.5,12.55
14/06/2020,1014,43,Indonesia,151,Asia,0.1,6.1,4.1,31.67
15/06/2020,857,43,Indonesia,151,Asia,0.1,7.3,2,35.04
16/06/2020,1017,64,Indonesia,151,Asia,0.6,10.4,5.1,55.36
17/06/2020,1106,33,Indonesia,151,Asia,0.4,7.8,5.1,58.05
18/06/2020,1031,45,Indonesia,151,Asia,1,7.9,3,29.83
19/06/2020,1331,63,Indonesia,151,Asia,0.1,4.3,1.8,14.94
20/06/2020,1041,34,Indonesia,151,Asia,0.1,7.1,4.6,40.22
21/06/2020,1226,56,Indonesia,151,Asia,0.1,7.5,2.5,32.54
22/06/2020,862,36,Indonesia,151,Asia,0.7,5.9,2.8,20.3
23/06/2020,954,35,Indonesia,151,Asia,0.5,7.5,2.7,32.51
24/06/2020,1051,35,Indonesia,151,Asia,0.5,5.4,1.7,9.97
25/06/2020,1113,38,Indonesia,151,Asia,0.1,5.9,3.5,31.45
26/06/2020,1178,47,Indonesia,151,Asia,0.7,6.4,3.1,22.07
27/06/2020,1240,63,Indonesia,151,Asia,0.5,7.2,4.1,30.83
28/06/2020,1385,37,Indonesia,151,Asia,0.7,5.3,2.3,15.39
29/06/2020,1198,34,Indonesia,151,Asia,0.3,7.2,3.6,43.32
30/06/2020,1082,51,Indonesia,151,Asia,0.4,6.8,3.9,32.85
1/07/2020,1293,71,Indonesia,151,Asia,0.2,8.7,3,41.52
2/07/2020,1385,58,Indonesia,151,Asia,0.3,7.2,2.3,17.56
3/07/2020,1624,53,Indonesia,151,Asia,0.2,4.7,2.7,14.51
4/07/2020,1301,49,Indonesia,151,Asia,0.1,7.7,4.6,42.96
5/07/2020,1447,53,Indonesia,151,Asia,0.7,8,4.6,64.4
6/07/2020,1607,82,Indonesia,151,Asia,0.4,9.1,4.6,47.68
7/07/2020,1209,70,Indonesia,151,Asia,0.3,7.4,4.1,39.44
8/07/2020,1268,68,Indonesia,151,Asia,0.1,6.6,2.3,33.1
9/07/2020,1853,50,Indonesia,151,Asia,0.4,5,2.2,9.16
10/07/2020,2657,58,Indonesia,151,Asia,0.1,4.3,2.2,13.8
11/07/2020,1611,52,Indonesia,151,Asia,0.2,9.6,4.3,56.21
12/07/2020,1671,66,Indonesia,151,Asia,0.1,5.9,2,27.09
13/07/2020,1681,71,Indonesia,151,Asia,0.2,6.4,3.9,21.28
14/07/2020,1282,50,Indonesia,151,Asia,0.7,6.6,2.5,37.24
15/07/2020,1591,54,Indonesia,151,Asia,0.1,8.2,5.1,58.57
16/07/2020,1522,87,Indonesia,151,Asia,0.7,7.3,4.1,24.74
17/07/2020,1574,76,Indonesia,151,Asia,0.1,6.6,3.6,34.13
18/07/2020,1462,84,Indonesia,151,Asia,0.1,6.6,2.5,40.4
19/07/2020,1752,59,Indonesia,151,Asia,0.2,4.1,2.8,18.78
20/07/2020,1639,127,Indonesia,151,Asia,0.1,7.4,1.5,43.62
21/07/2020,1693,96,Indonesia,151,Asia,0.2,4.1,1.8,9.24
22/07/2020,1655,81,Indonesia,151,Asia,0.2,9.8,4.1,39.43
23/07/2020,1882,139,Indonesia,151,Asia,0.2,5.6,2.5,22.48
24/07/2020,1906,117,Indonesia,151,Asia,0.1,7.5,4.1,35.35
25/07/2020,1761,89,Indonesia,151,Asia,0.2,6.1,3.3,23.79
26/07/2020,1868,49,Indonesia,151,Asia,0.7,8.1,4.1,46.06
27/07/2020,1492,67,Indonesia,151,Asia,0.3,6.9,4.1,31.94
28/07/2020,1525,57,Indonesia,151,Asia,0.4,6,2.5,18.77
29/07/2020,1748,63,Indonesia,151,Asia,0.5,5.8,2.5,14.84
30/07/2020,2381,74,Indonesia,151,Asia,0.1,5.1,2.7,10.04
31/07/2020,1904,83,Indonesia,151,Asia,1.4,5.7,3,9.21
1/08/2020,2040,73,Indonesia,151,Asia,0.2,6.4,1.9,30.33
2/08/2020,1560,62,Indonesia,151,Asia,0.3,6,2.4,11.38
3/08/2020,1519,43,Indonesia,151,Asia,0.7,7.9,3.1,26.14
4/08/2020,1679,66,Indonesia,151,Asia,0.7,8.2,3.3,37.54
5/08/2020,1922,86,Indonesia,151,Asia,0.4,6.5,2,14.61
6/08/2020,1815,64,Indonesia,151,Asia,0.6,7.1,2.6,34.21
7/08/2020,1882,69,Indonesia,151,Asia,0.2,6.5,2.5,23.11
8/08/2020,2473,72,Indonesia,151,Asia,0.5,5.2,2.8,13.44
9/08/2020,2277,65,Indonesia,151,Asia,0.5,5.7,2.7,18.99
10/08/2020,1893,65,Indonesia,151,Asia,0.2,6.4,4.1,29.37
11/08/2020,1687,42,Indonesia,151,Asia,0.1,6.1,2.2,21.34
12/08/2020,1693,59,Indonesia,151,Asia,0.1,8.5,3.6,45.1
13/08/2020,1942,79,Indonesia,151,Asia,0.1,8.1,1.5,21.96
14/08/2020,2098,65,Indonesia,151,Asia,0.1,6.1,2,20.76
15/08/2020,2307,53,Indonesia,151,Asia,0.1,8.7,4.8,75.13
16/08/2020,2345,50,Indonesia,151,Asia,0.2,7.5,2.5,47.13
17/08/2020,2081,79,Indonesia,151,Asia,0.1,8.4,1.8,67.29
18/08/2020,1821,57,Indonesia,151,Asia,0.2,6.3,1.5,10.48
19/08/2020,1673,70,Indonesia,151,Asia,0.2,6.1,2.5,39.15
20/08/2020,1902,69,Indonesia,151,Asia,0.3,8.9,5.1,60.51
21/08/2020,2266,72,Indonesia,151,Asia,0.7,10.5,5.1,62.13
22/08/2020,2197,82,Indonesia,151,Asia,0.7,8.6,5.1,48.4
23/08/2020,2090,94,Indonesia,151,Asia,0.5,7.7,3.8,60.98
24/08/2020,2037,86,Indonesia,151,Asia,0.1,8.9,3.9,49.42
25/08/2020,1877,79,Indonesia,151,Asia,0.1,9.8,4.3,88.52
26/08/2020,2447,99,Indonesia,151,Asia,1.2,8,3.4,34.23
27/08/2020,2306,86,Indonesia,151,Asia,0.3,8.5,3.2,34.36
28/08/2020,2719,120,Indonesia,151,Asia,1,9.1,5.1,56.82
29/08/2020,3003,105,Indonesia,151,Asia,0.3,8.4,2.6,64.94
30/08/2020,3308,92,Indonesia,151,Asia,0.3,9.2,3.1,41.48
31/08/2020,2858,82,Indonesia,151,Asia,0.2,8.3,2.9,60.33
1/09/2020,2743,74,Indonesia,151,Asia,0.5,8,3.6,36.67
2/09/2020,2775,88,Indonesia,151,Asia,0.6,5.6,2.4,10.52
3/09/2020,3075,111,Indonesia,151,Asia,0.1,8.8,2.8,58.78
4/09/2020,3622,134,Indonesia,151,Asia,0.1,9.6,4.3,81.95
5/09/2020,3269,82,Indonesia,151,Asia,0.2,5.3,2.5,18.64
6/09/2020,3128,108,Indonesia,151,Asia,0.1,6.5,2,29.53
7/09/2020,3444,85,Indonesia,151,Asia,0.2,8.2,3.3,39.24
8/09/2020,2880,105,Indonesia,151,Asia,0.9,10.8,4.6,63.5
9/09/2020,3046,100,Indonesia,151,Asia,0.1,8.7,4.8,57.76
10/09/2020,3307,106,Indonesia,151,Asia,0.1,5.6,2.5,16.46
11/09/2020,3861,120,Indonesia,151,Asia,0.2,6.2,3,24.75
12/09/2020,3737,88,Indonesia,151,Asia,0.3,6.1,2.3,23.13
13/09/2020,3817,106,Indonesia,151,Asia,0.5,5.7,2.9,13.83
14/09/2020,3625,73,Indonesia,151,Asia,0.5,6.5,2,15.8
15/09/2020,3141,118,Indonesia,151,Asia,0.5,6.1,1.8,27.45
16/09/2020,3507,124,Indonesia,151,Asia,0.4,6.1,3,21.99
17/09/2020,3963,135,Indonesia,151,Asia,0.5,7.1,3.6,31.98
18/09/2020,3635,122,Indonesia,151,Asia,0.1,7.3,3.6,51.39
19/09/2020,3891,114,Indonesia,151,Asia,0.4,10.5,3.1,75.69
20/09/2020,4168,112,Indonesia,151,Asia,0.1,8.9,1.9,40.33
21/09/2020,3989,105,Indonesia,151,Asia,0.1,7.9,2.5,49.73
22/09/2020,4176,124,Indonesia,151,Asia,0.2,8.7,1.9,43.31
23/09/2020,4071,160,Indonesia,151,Asia,0.2,6.3,3,32.3
24/09/2020,4465,140,Indonesia,151,Asia,0.1,6.2,2,38.13
25/09/2020,4634,128,Indonesia,151,Asia,0.1,6.6,2.8,36.4
26/09/2020,4823,113,Indonesia,151,Asia,0.1,6.3,2,18.11
27/09/2020,4494,90,Indonesia,151,Asia,0.1,6.3,2.3,28.44
28/09/2020,3874,78,Indonesia,151,Asia,1.1,7.4,3.3,27.44
29/09/2020,3509,87,Indonesia,151,Asia,0.4,6.9,2.6,24.41
30/09/2020,4002,128,Indonesia,151,Asia,0.9,9,5.1,61.86
1/10/2020,4284,139,Indonesia,151,Asia,0.1,11.1,3.9,68.17
2/10/2020,4174,116,Indonesia,151,Asia,0.1,6.6,2.6,29.39
3/10/2020,4317,116,Indonesia,151,Asia,0.3,5.1,1.8,10.2
4/10/2020,4007,83,Indonesia,151,Asia,0.1,8,2.3,38.04
5/10/2020,3992,96,Indonesia,151,Asia,0.8,5.7,2.5,10.59
6/10/2020,3622,102,Indonesia,151,Asia,0.3,6.7,3.5,20.08
7/10/2020,4056,121,Indonesia,151,Asia,0.7,6.8,2.8,16.73
8/10/2020,4538,98,Indonesia,151,Asia,1,6.7,3,26.93
9/10/2020,4850,108,Indonesia,151,Asia,0.1,5.6,2.1,17.83
10/10/2020,4094,97,Indonesia,151,Asia,0.1,4.5,2,13.41
11/10/2020,4294,88,Indonesia,151,Asia,0.1,6.6,2.1,32.93
12/10/2020,4497,79,Indonesia,151,Asia,0.3,5.4,2.5,18.54
13/10/2020,3267,91,Indonesia,151,Asia,0.3,5.6,2,22.81
14/10/2020,3906,92,Indonesia,151,Asia,0.2,5,2.5,13.8
15/10/2020,4127,129,Indonesia,151,Asia,0.1,6.1,2.5,18.61
16/10/2020,4411,112,Indonesia,151,Asia,0.1,6.1,2.3,23.06
17/10/2020,4301,79,Indonesia,151,Asia,0.1,6.1,1.8,27.46
18/10/2020,4301,84,Indonesia,151,Asia,0.2,5.7,2,11.77
19/10/2020,4105,80,Indonesia,151,Asia,0.1,4.7,1.5,16.17
20/10/2020,3373,106,Indonesia,151,Asia,0.1,8.4,2.8,54.37
21/10/2020,3602,117,Indonesia,151,Asia,0.1,6,1.4,17.69
22/10/2020,4267,123,Indonesia,151,Asia,0.1,6.4,2.9,48.09
23/10/2020,4432,102,Indonesia,151,Asia,0.5,7.8,2.5,25.83
24/10/2020,4369,118,Indonesia,151,Asia,0.2,6.2,1.5,31.73
25/10/2020,4070,128,Indonesia,151,Asia,0.2,5.4,1.3,25.01
26/10/2020,3732,94,Indonesia,151,Asia,0.2,7.7,2.1,28.75
27/10/2020,3222,112,Indonesia,151,Asia,0.7,3.7,2,5.22
28/10/2020,3520,101,Indonesia,151,Asia,0.7,5.6,2.7,17.38
29/10/2020,4029,100,Indonesia,151,Asia,0.2,8.2,4.3,63.56
30/10/2020,3565,89,Indonesia,151,Asia,0.8,10.4,4.9,69.77
31/10/2020,2897,81,Indonesia,151,Asia,1.4,5.1,3.1,17.03
1/11/2020,3143,87,Indonesia,151,Asia,1.5,6.1,3.3,35
2/11/2020,2696,74,Indonesia,151,Asia,0.2,6.2,4,31.85
3/11/2020,2618,101,Indonesia,151,Asia,0.1,6,1.5,40.17
4/11/2020,2973,102,Indonesia,151,Asia,0.1,4.2,1.8,9.76
5/11/2020,3356,113,Indonesia,151,Asia,0.1,2.4,0.7,6.13
6/11/2020,4065,89,Indonesia,151,Asia,0.1,7.1,1.6,42.85
7/11/2020,3778,94,Indonesia,151,Asia,0.1,8.5,2.2,54.98
8/11/2020,4262,98,Indonesia,151,Asia,0.1,7,1.7,31.15
9/11/2020,3880,74,Indonesia,151,Asia,0.1,7.8,1.9,35.26
10/11/2020,2853,75,Indonesia,151,Asia,0.4,5.5,2.3,14.21
11/11/2020,3779,72,Indonesia,151,Asia,0.4,6.1,2.7,25.1
12/11/2020,3770,75,Indonesia,151,Asia,0.3,5.9,3,20.34
13/11/2020,4173,97,Indonesia,151,Asia,0.4,7.8,3.6,39.87
14/11/2020,5444,104,Indonesia,151,Asia,0.4,7.1,2.5,19.25
15/11/2020,5272,111,Indonesia,151,Asia,0.7,9.8,3.6,61.35
16/11/2020,4106,63,Indonesia,151,Asia,0.5,9.6,4.1,38.47
17/11/2020,3535,85,Indonesia,151,Asia,0.4,6.3,2,15.28
18/11/2020,3807,97,Indonesia,151,Asia,0.1,4.1,2,11
19/11/2020,4265,110,Indonesia,151,Asia,0.6,8.2,2.8,55.57
20/11/2020,4798,97,Indonesia,151,Asia,0.1,7.9,2.8,32.98
21/11/2020,4792,78,Indonesia,151,Asia,0.1,6.4,2.5,37.71
22/11/2020,4998,96,Indonesia,151,Asia,0.2,5.5,1.5,14.85
23/11/2020,4360,110,Indonesia,151,Asia,0.1,5.9,2,15.46
24/11/2020,4442,118,Indonesia,151,Asia,0.4,8.2,2.5,40.02
25/11/2020,4192,109,Indonesia,151,Asia,0.7,5.8,2.2,18.68
26/11/2020,5534,114,Indonesia,151,Asia,0.1,5.8,2.3,16.55
27/11/2020,4917,127,Indonesia,151,Asia,0.2,7.5,3,25.28
28/11/2020,5828,169,Indonesia,151,Asia,0.1,6.2,2.3,20.15
29/11/2020,5418,125,Indonesia,151,Asia,0.9,12,4.1,61.56
30/11/2020,6267,169,Indonesia,151,Asia,1.7,9.2,4.6,37.86
1/12/2020,4617,130,Indonesia,151,Asia,1.9,8.2,5.6,48.5
2/12/2020,5092,136,Indonesia,151,Asia,0.5,6.1,2.8,21.87
3/12/2020,5533,118,Indonesia,151,Asia,0.2,4.3,2,9.84
4/12/2020,8369,156,Indonesia,151,Asia,0.3,7.8,3.3,27.25
5/12/2020,5803,124,Indonesia,151,Asia,0.6,6.3,3.3,17.67
6/12/2020,6027,110,Indonesia,151,Asia,0.3,6.1,3.6,16.68
7/12/2020,6089,151,Indonesia,151,Asia,0.9,8.7,3.6,29.58
8/12/2020,5754,127,Indonesia,151,Asia,0.4,8.2,4.3,40.26
9/12/2020,5292,133,Indonesia,151,Asia,1.1,7.2,4.6,25.91
10/12/2020,6058,171,Indonesia,151,Asia,0.2,7,2.8,17.04
11/12/2020,6033,165,Indonesia,151,Asia,0.1,7.7,2.5,28.85
12/12/2020,6310,175,Indonesia,151,Asia,2.5,6.6,4.3,12.91
13/12/2020,6388,142,Indonesia,151,Asia,1,5.3,2.7,7.88
14/12/2020,6189,166,Indonesia,151,Asia,2.2,6.1,4.1,9.79
31/12/2019,0,0,United_Kingdom,281,Europe,0.3,12.0,4.2,106.44
1/01/2020,0,0,United_Kingdom,281,Europe,0.3,12.0,4.2,106.49
2/01/2020,0,0,United_Kingdom,281,Europe,8.7,14,9.7,42.47
3/01/2020,0,0,United_Kingdom,281,Europe,0.1,18.6,5,133.06
4/01/2020,0,0,United_Kingdom,281,Europe,0.1,9.7,4.1,56.57
5/01/2020,0,0,United_Kingdom,281,Europe,0.1,9.4,4.7,65.1
6/01/2020,0,0,United_Kingdom,281,Europe,0.2,17.2,7.2,174.59
7/01/2020,0,0,United_Kingdom,281,Europe,0.1,14,5.2,182.19
8/01/2020,0,0,United_Kingdom,281,Europe,0.2,11.7,3.7,89.27
9/01/2020,0,0,United_Kingdom,281,Europe,0.2,19.8,8.1,197.39
10/01/2020,0,0,United_Kingdom,281,Europe,0.1,16.4,4.3,191.27
11/01/2020,0,0,United_Kingdom,281,Europe,1,18,9.1,219.06
12/01/2020,0,0,United_Kingdom,281,Europe,0.1,16.2,7.7,205.5
13/01/2020,0,0,United_Kingdom,281,Europe,0.1,23,7.3,330.12
14/01/2020,0,0,United_Kingdom,281,Europe,1,23.3,9.5,368.86
15/01/2020,0,0,United_Kingdom,281,Europe,0.2,24.2,5.1,328.51
16/01/2020,0,0,United_Kingdom,281,Europe,0.1,13.4,6,118.12
17/01/2020,0,0,United_Kingdom,281,Europe,0.2,17,5.4,137.52
18/01/2020,0,0,United_Kingdom,281,Europe,0.1,10.4,3.2,57.48
19/01/2020,0,0,United_Kingdom,281,Europe,0.1,7.6,1.7,38.73
20/01/2020,0,0,United_Kingdom,281,Europe,0.1,3.3,1.4,9.79
21/01/2020,0,0,United_Kingdom,281,Europe,0.1,5,2,9.27
22/01/2020,0,0,United_Kingdom,281,Europe,0.1,5.2,1,6.57
23/01/2020,0,0,United_Kingdom,281,Europe,0.1,4.5,1,9.04
24/01/2020,0,0,United_Kingdom,281,Europe,0.1,3.7,1.3,7.9
25/01/2020,0,0,United_Kingdom,281,Europe,0.1,4,2,8.58
26/01/2020,0,0,United_Kingdom,281,Europe,0.1,10.5,3.2,93.83
27/01/2020,0,0,United_Kingdom,281,Europe,0.1,8.7,3,51.41
28/01/2020,0,0,United_Kingdom,281,Europe,0.4,14.1,7.2,147.48
29/01/2020,0,0,United_Kingdom,281,Europe,0.2,13.1,6.4,95.48
30/01/2020,0,0,United_Kingdom,281,Europe,0.3,12.9,4,90.68
31/01/2020,0,0,United_Kingdom,281,Europe,0.9,13.8,6.4,148.1
1/02/2020,2,0,United_Kingdom,281,Europe,0.7,19.4,7.2,262.39
2/02/2020,0,0,United_Kingdom,281,Europe,0.1,16.1,6.1,181.23
3/02/2020,0,0,United_Kingdom,281,Europe,0.6,11.2,6.9,94.99
4/02/2020,0,0,United_Kingdom,281,Europe,0.5,20.7,7.2,238.39
5/02/2020,1,0,United_Kingdom,281,Europe,0.1,4.7,1.5,16.87
6/02/2020,0,0,United_Kingdom,281,Europe,0.1,3.8,1.8,11.89
7/02/2020,1,0,United_Kingdom,281,Europe,0.1,10.4,3.8,60.88
8/02/2020,0,0,United_Kingdom,281,Europe,0.1,13.5,5.4,58.07
9/02/2020,0,0,United_Kingdom,281,Europe,4.1,21.7,12.3,235.21
10/02/2020,4,0,United_Kingdom,281,Europe,1.7,14.2,7.6,92.88
11/02/2020,1,0,United_Kingdom,281,Europe,0.1,18.7,6,165.91
12/02/2020,0,0,United_Kingdom,281,Europe,0.1,25.1,3.4,463.76
13/02/2020,1,0,United_Kingdom,281,Europe,0.1,12.7,6.3,161.43
14/02/2020,0,0,United_Kingdom,281,Europe,2.4,16.2,11,148.4
15/02/2020,0,0,United_Kingdom,281,Europe,0.1,13.8,8.5,143.18
16/02/2020,0,0,United_Kingdom,281,Europe,0.1,13.5,3.1,125.26
17/02/2020,0,0,United_Kingdom,281,Europe,0.2,6.1,3,18.02
18/02/2020,0,0,United_Kingdom,281,Europe,0.3,13.4,4.9,127.81
19/02/2020,0,0,United_Kingdom,281,Europe,0.1,9.9,3,79.91
20/02/2020,0,0,United_Kingdom,281,Europe,0.1,18.1,5.6,238.93
21/02/2020,0,0,United_Kingdom,281,Europe,0.7,19.7,8.1,242.9
22/02/2020,0,0,United_Kingdom,281,Europe,0.2,18.7,6.4,189.53
23/02/2020,1,0,United_Kingdom,281,Europe,2.3,22.3,9,287.62
24/02/2020,0,0,United_Kingdom,281,Europe,0.1,19.5,8.2,287.15
25/02/2020,0,0,United_Kingdom,281,Europe,1,24.8,10.2,370.37
26/02/2020,2,0,United_Kingdom,281,Europe,0.1,15.7,4.6,145.51
27/02/2020,5,0,United_Kingdom,281,Europe,0.1,14.7,6.1,144.45
28/02/2020,4,0,United_Kingdom,281,Europe,0.1,17.4,6.1,222.83
29/02/2020,8,0,United_Kingdom,281,Europe,0.1,11.6,3.6,69.45
1/03/2020,12,0,United_Kingdom,281,Europe,0.4,11.4,5.4,97.06
2/03/2020,5,0,United_Kingdom,281,Europe,0.3,15.6,7.5,116.38
3/03/2020,22,0,United_Kingdom,281,Europe,0.1,10.8,4.6,66.97
4/03/2020,40,0,United_Kingdom,281,Europe,0.7,16.3,10,163.35
5/03/2020,55,0,United_Kingdom,281,Europe,0.5,24.7,9,312.68
6/03/2020,56,0,United_Kingdom,281,Europe,0.1,18,8.2,196.17
7/03/2020,51,1,United_Kingdom,281,Europe,0.1,14.2,6.2,146.37
8/03/2020,81,1,United_Kingdom,281,Europe,0.1,12.4,4,106.97
9/03/2020,60,0,United_Kingdom,281,Europe,0.1,11,4.1,75.77
10/03/2020,57,1,United_Kingdom,281,Europe,0.1,13.1,5.9,117.17
11/03/2020,148,4,United_Kingdom,281,Europe,0.1,16.5,6.2,230.41
12/03/2020,259,0,United_Kingdom,281,Europe,0.3,21.2,9.5,321.45
13/03/2020,406,2,United_Kingdom,281,Europe,0.9,27,11.7,381.41
14/03/2020,484,1,United_Kingdom,281,Europe,0.2,11.7,6.2,119.55
15/03/2020,478,19,United_Kingdom,281,Europe,0.2,11.7,6.2,119.55
16/03/2020,361,14,United_Kingdom,281,Europe,0.2,12.2,6.1,93.79
17/03/2020,442,22,United_Kingdom,281,Europe,0.2,12.2,6.1,93.79
18/03/2020,611,17,United_Kingdom,281,Europe,0.1,10.1,2.8,69.07
19/03/2020,769,34,United_Kingdom,281,Europe,0.1,15,5.1,137.94
20/03/2020,999,46,United_Kingdom,281,Europe,0.1,9,3.5,58.81
21/03/2020,1055,32,United_Kingdom,281,Europe,0.1,13.5,4.3,127.18
22/03/2020,1255,58,United_Kingdom,281,Europe,0.1,19,7.2,232.02
23/03/2020,1198,36,United_Kingdom,281,Europe,0.3,13.4,4.6,127.65
24/03/2020,1378,76,United_Kingdom,281,Europe,0.2,13.4,4.5,127.90
25/03/2020,2338,148,United_Kingdom,281,Europe,0.2,13.4,4.5,127.97
26/03/2020,2375,191,United_Kingdom,281,Europe,0.2,13.4,4.5,128.15
27/03/2020,2692,181,United_Kingdom,281,Europe,0.2,13.4,4.5,128.04
28/03/2020,3087,288,United_Kingdom,281,Europe,0.2,13.4,4.5,128.25
29/03/2020,3197,292,United_Kingdom,281,Europe,0.2,13.5,4.5,129.00
30/03/2020,2822,212,United_Kingdom,281,Europe,0.2,11.7,6.2,119.55
31/03/2020,2858,374,United_Kingdom,281,Europe,0.2,12.2,6.1,93.79
1/04/2020,4273,403,United_Kingdom,281,Europe,0.1,10.1,2.8,69.07
2/04/2020,4514,672,United_Kingdom,281,Europe,0.1,15,5.1,137.94
3/04/2020,4913,657,United_Kingdom,281,Europe,0.1,9,3.5,58.81
4/04/2020,4868,736,United_Kingdom,281,Europe,0.1,13.5,4.3,127.18
5/04/2020,4911,756,United_Kingdom,281,Europe,0.1,19,7.2,232.02
6/04/2020,4020,599,United_Kingdom,281,Europe,0.1,12.7,4.5,112.53
7/04/2020,3592,567,United_Kingdom,281,Europe,0.1,11.2,3,82.12
8/04/2020,5282,1105,United_Kingdom,281,Europe,0.1,10.2,3,61.2
9/04/2020,5450,1030,United_Kingdom,281,Europe,0.1,15.2,3.8,141.74
10/04/2020,5131,1116,United_Kingdom,281,Europe,0.1,15,4.1,123.67
11/04/2020,4858,1122,United_Kingdom,281,Europe,0.1,10.2,2.5,59.25
12/04/2020,4313,843,United_Kingdom,281,Europe,0.1,13.5,2.8,78.81
13/04/2020,3579,657,United_Kingdom,281,Europe,1.2,18.5,8.5,187.93
14/04/2020,3489,724,United_Kingdom,281,Europe,0.1,10,4.4,52.95
15/04/2020,4178,1076,United_Kingdom,281,Europe,0.1,10.5,3.3,69.7
16/04/2020,4326,880,United_Kingdom,281,Europe,0.1,11.6,3.3,57.13
17/04/2020,5065,1036,United_Kingdom,281,Europe,0.4,14.2,6.7,112.26
18/04/2020,5292,913,United_Kingdom,281,Europe,0.2,9.3,3.5,46.35
19/04/2020,4956,1105,United_Kingdom,281,Europe,0.2,15,5.7,128.45
20/04/2020,4721,432,United_Kingdom,281,Europe,0.1,18.6,7.7,260.18
21/04/2020,3853,570,United_Kingdom,281,Europe,0.1,16.7,8.4,147.54
22/04/2020,4854,1224,United_Kingdom,281,Europe,0.1,14.5,5.7,113.48
23/04/2020,4760,847,United_Kingdom,281,Europe,0.1,10.1,4.1,59.89
24/04/2020,5487,682,United_Kingdom,281,Europe,0.1,9.2,2.7,47.82
25/04/2020,5158,1010,United_Kingdom,281,Europe,0.1,9.7,4.9,55.49
26/04/2020,4970,815,United_Kingdom,281,Europe,0.1,8,2.7,37.58
27/04/2020,3748,364,United_Kingdom,281,Europe,0.1,12.2,3.1,73.82
28/04/2020,3473,320,United_Kingdom,281,Europe,0.1,12.5,4.8,69.99
29/04/2020,4706,969,United_Kingdom,281,Europe,0.1,16.5,3.6,169.65
30/04/2020,4729,769,United_Kingdom,281,Europe,0.1,19.2,4.3,231.86
1/05/2020,5442,634,United_Kingdom,281,Europe,0.1,16.7,5.2,146.69
2/05/2020,4966,698,United_Kingdom,281,Europe,0.1,10,3.8,84.64
3/05/2020,4737,584,United_Kingdom,281,Europe,0.1,6.7,3.3,31.28
4/05/2020,3229,253,United_Kingdom,281,Europe,0.1,15.7,5,128.02
5/05/2020,2982,272,United_Kingdom,281,Europe,0.6,16.7,8.3,170.62
6/05/2020,3389,726,United_Kingdom,281,Europe,0.2,12.7,4.8,83.02
7/05/2020,3682,647,United_Kingdom,281,Europe,0.1,11,2.6,61.12
8/05/2020,3827,458,United_Kingdom,281,Europe,0.2,7.9,2,43.51
9/05/2020,3767,579,United_Kingdom,281,Europe,0.1,14.2,4,124.55
10/05/2020,3063,275,United_Kingdom,281,Europe,0.2,20.7,7,374.56
11/05/2020,2157,217,United_Kingdom,281,Europe,0.2,22.2,7.6,315.43
12/05/2020,2329,187,United_Kingdom,281,Europe,0.1,8,3.2,42.14
13/05/2020,3586,614,United_Kingdom,281,Europe,0.4,14.7,4.9,127.22
14/05/2020,3402,447,United_Kingdom,281,Europe,0.2,12.7,5.1,96.44
15/05/2020,3307,352,United_Kingdom,281,Europe,0.1,8.2,2.5,44.3
16/05/2020,2628,350,United_Kingdom,281,Europe,0.1,11.6,3.2,65.16
17/05/2020,2526,411,United_Kingdom,281,Europe,0.1,12.2,3.6,78.01
18/05/2020,2079,67,United_Kingdom,281,Europe,0.2,14.5,4.4,113.72
19/05/2020,1838,146,United_Kingdom,281,Europe,0.1,10.5,3.6,66.52
20/05/2020,2589,500,United_Kingdom,281,Europe,0.1,11,2.9,80.98
21/05/2020,3052,328,United_Kingdom,281,Europe,0.1,10.2,2.2,30.54
22/05/2020,2718,273,United_Kingdom,281,Europe,0.2,22.5,6.2,334.54
23/05/2020,2574,291,United_Kingdom,281,Europe,1,22.5,7.5,296.87
24/05/2020,2062,220,United_Kingdom,281,Europe,0.1,15.7,5.6,136.77
25/05/2020,1527,379,United_Kingdom,281,Europe,0.1,5.5,2,21.57
26/05/2020,1364,104,United_Kingdom,281,Europe,0.1,9,3.1,52.84
27/05/2020,1624,131,United_Kingdom,281,Europe,0.1,10.7,2.8,57.29
28/05/2020,1672,422,United_Kingdom,281,Europe,0.1,13.7,5.6,115.9
29/05/2020,1835,343,United_Kingdom,281,Europe,0.1,13.7,5,116.23
30/05/2020,1760,274,United_Kingdom,281,Europe,0.2,15.2,5.1,144.43
31/05/2020,1527,154,United_Kingdom,281,Europe,0.1,17.2,6.4,167.69
1/06/2020,1125,60,United_Kingdom,281,Europe,0.2,13,4.6,79.6
2/06/2020,1079,86,United_Kingdom,281,Europe,0.1,10,4,61.33
3/06/2020,1441,249,United_Kingdom,281,Europe,0.1,13.7,3,164.57
4/06/2020,1484,254,United_Kingdom,281,Europe,0.1,13.5,5.4,153.39
5/06/2020,1356,130,United_Kingdom,281,Europe,0.1,22,6.2,278.66
6/06/2020,1243,258,United_Kingdom,281,Europe,0.1,19.5,5.6,254.75
7/06/2020,1120,143,United_Kingdom,281,Europe,0.1,11,4.2,94.09
8/06/2020,801,54,United_Kingdom,281,Europe,0.4,10.2,4.5,74.42
9/06/2020,721,47,United_Kingdom,281,Europe,0.2,11,2.6,54.62
10/06/2020,1099,195,United_Kingdom,281,Europe,0.1,10.5,3.8,64.61
11/06/2020,1158,164,United_Kingdom,281,Europe,0.1,17,5.7,130.75
12/06/2020,1199,76,United_Kingdom,281,Europe,0.1,16.2,6.5,136.64
13/06/2020,1017,131,United_Kingdom,281,Europe,0.1,16.2,5.7,207.98
14/06/2020,1052,107,United_Kingdom,281,Europe,0.1,11.5,3.8,87.98
15/06/2020,890,27,United_Kingdom,281,Europe,0.1,9.2,2.8,34.62
16/06/2020,822,29,United_Kingdom,281,Europe,0.1,10.7,3,50.76
17/06/2020,1043,120,United_Kingdom,281,Europe,0.1,7.5,2,23.13
18/06/2020,1102,110,United_Kingdom,281,Europe,0.1,12,3.2,99.73
19/06/2020,1013,67,United_Kingdom,281,Europe,0.1,19,5.6,164.54
20/06/2020,1027,84,United_Kingdom,281,Europe,0.1,13.7,4.3,117.9
21/06/2020,986,71,United_Kingdom,281,Europe,0.1,15,5.5,137.72
22/06/2020,687,31,United_Kingdom,281,Europe,0.1,13.7,4.3,118.73
23/06/2020,639,14,United_Kingdom,281,Europe,0.1,10,4.1,61.02
24/06/2020,896,94,United_Kingdom,281,Europe,0.2,15.2,4.5,145.08
25/06/2020,886,87,United_Kingdom,281,Europe,0.1,15,5.2,150.65
26/06/2020,778,99,United_Kingdom,281,Europe,0.1,16.7,3.9,160.89
27/06/2020,721,77,United_Kingdom,281,Europe,0.6,26.2,7.7,344.47
28/06/2020,671,40,United_Kingdom,281,Europe,1.8,19.7,7,266.37
29/06/2020,649,31,United_Kingdom,281,Europe,2,21.3,7.9,237.16
30/06/2020,446,21,United_Kingdom,281,Europe,0.5,14.2,4.1,120.38
1/07/2020,730,53,United_Kingdom,281,Europe,0.2,14.5,4.6,143.44
2/07/2020,617,97,United_Kingdom,281,Europe,0.1,12.7,4.1,114.46
3/07/2020,651,41,United_Kingdom,281,Europe,0.1,20,6.6,329.3
4/07/2020,602,49,United_Kingdom,281,Europe,1.1,18,6.3,278.34
5/07/2020,579,32,United_Kingdom,281,Europe,1.8,21.7,8.4,327.08
6/07/2020,401,19,United_Kingdom,281,Europe,0.4,15.7,6.4,154.86
7/07/2020,555,11,United_Kingdom,281,Europe,0.1,14.5,3.3,118.54
8/07/2020,704,54,United_Kingdom,281,Europe,0.1,10.2,2.4,88.09
9/07/2020,597,57,United_Kingdom,281,Europe,0.2,13,4,154.78
10/07/2020,693,31,United_Kingdom,281,Europe,0.1,13,5.4,143.42
11/07/2020,715,34,United_Kingdom,281,Europe,0.1,12.2,4,97.99
12/07/2020,565,17,United_Kingdom,281,Europe,0.1,10,1.8,43.22
13/07/2020,442,9,United_Kingdom,281,Europe,0.1,13.7,4,117.7
14/07/2020,361,10,United_Kingdom,281,Europe,0.1,10,4.1,73.36
15/07/2020,726,44,United_Kingdom,281,Europe,0.1,10.7,4,74.04
16/07/2020,685,26,United_Kingdom,281,Europe,0.1,10.7,4.6,103.82
17/07/2020,772,24,United_Kingdom,281,Europe,0.1,13.7,3.3,107.32
18/07/2020,704,26,United_Kingdom,281,Europe,0.1,12.5,4.1,86.75
19/07/2020,569,9,United_Kingdom,281,Europe,0.1,9.2,3.7,59.2
20/07/2020,493,11,United_Kingdom,281,Europe,0.1,9.5,3.3,62.61
21/07/2020,413,10,United_Kingdom,281,Europe,0.1,8,3.5,48.35
22/07/2020,793,25,United_Kingdom,281,Europe,0.1,12,3.6,76.67
23/07/2020,751,17,United_Kingdom,281,Europe,0.1,15,4.2,142.54
24/07/2020,773,9,United_Kingdom,281,Europe,0.3,13.7,3.6,117.8
25/07/2020,731,32,United_Kingdom,281,Europe,0.2,16.5,4.3,181.66
26/07/2020,667,15,United_Kingdom,281,Europe,0.1,15.5,3.5,154.78
27/07/2020,421,8,United_Kingdom,281,Europe,0.1,18.7,5,227.37
28/07/2020,371,3,United_Kingdom,281,Europe,0.2,16.5,5.6,165.73
29/07/2020,70,21,United_Kingdom,281,Europe,0.1,9.7,3,60.41
30/07/2020,763,34,United_Kingdom,281,Europe,0.1,8.7,2.5,55
31/07/2020,846,0,United_Kingdom,281,Europe,0.1,17.6,4,211.89
1/08/2020,880,20,United_Kingdom,281,Europe,0.1,13.5,3.7,153.69
2/08/2020,771,13,United_Kingdom,281,Europe,0.1,14,3,143.04
3/08/2020,743,5,United_Kingdom,281,Europe,0.1,10,3.5,73.54
4/08/2020,928,1,United_Kingdom,281,Europe,0.1,15.7,2.4,226.99
5/08/2020,670,18,United_Kingdom,281,Europe,0.1,18.5,4.1,273.78
6/08/2020,891,14,United_Kingdom,281,Europe,0.1,11,2.8,95.43
7/08/2020,950,18,United_Kingdom,281,Europe,0.1,14.5,1.5,91.52
8/08/2020,871,12,United_Kingdom,281,Europe,0.1,12.2,3.6,90.73
9/08/2020,758,3,United_Kingdom,281,Europe,0.1,11.2,3.6,79.66
10/08/2020,1062,5,United_Kingdom,281,Europe,0.1,12,3.3,77.56
11/08/2020,816,18,United_Kingdom,281,Europe,0.1,7.6,1.8,31.84
12/08/2020,1148,13,United_Kingdom,281,Europe,0.1,16,3,76
13/08/2020,1009,20,United_Kingdom,281,Europe,0.1,11.3,3.1,58.9
14/08/2020,1129,18,United_Kingdom,281,Europe,0.1,8.2,2.9,52.41
15/08/2020,1440,11,United_Kingdom,281,Europe,0.1,7.7,2.3,30.7
16/08/2020,1077,3,United_Kingdom,281,Europe,0.1,8.2,1.7,31.92
17/08/2020,1040,5,United_Kingdom,281,Europe,0.1,11.7,2.6,84.45
18/08/2020,713,3,United_Kingdom,281,Europe,0.1,14.5,4.1,150.75
19/08/2020,1089,12,United_Kingdom,281,Europe,0.1,12.7,4,126.13
20/08/2020,812,16,United_Kingdom,281,Europe,0.1,17,4.8,210.99
21/08/2020,1182,6,United_Kingdom,281,Europe,0.5,28.5,8.2,520.34
22/08/2020,1033,2,United_Kingdom,281,Europe,1,20.5,6.7,298.29
23/08/2020,1288,18,United_Kingdom,281,Europe,1.2,14.7,5.7,132.28
24/08/2020,1041,6,United_Kingdom,281,Europe,0.2,10,4.1,69.54
25/08/2020,972,4,United_Kingdom,281,Europe,0.4,25.2,8.4,474.16
26/08/2020,1184,16,United_Kingdom,281,Europe,0.2,22.5,7,239.32
27/08/2020,1048,16,United_Kingdom,281,Europe,0.1,10.2,4,73.78
28/08/2020,1522,12,United_Kingdom,281,Europe,0.1,16.7,3.8,175.48
29/08/2020,1276,9,United_Kingdom,281,Europe,0.5,17.8,9.7,249.81
30/08/2020,1108,12,United_Kingdom,281,Europe,0.1,15.7,4.6,139.16
31/08/2020,1715,1,United_Kingdom,281,Europe,0.1,4.8,2,15.34
1/09/2020,1406,2,United_Kingdom,281,Europe,0.1,5.7,2,19.59
2/09/2020,1295,3,United_Kingdom,281,Europe,0.1,12.5,3,86.37
3/09/2020,1508,10,United_Kingdom,281,Europe,0.2,16,4.6,90.1
4/09/2020,1735,13,United_Kingdom,281,Europe,0.1,6,3.3,23.48
5/09/2020,1940,10,United_Kingdom,281,Europe,0.1,11.6,3.8,91.89
6/09/2020,1813,12,United_Kingdom,281,Europe,0.1,8.8,3,42.18
7/09/2020,2988,2,United_Kingdom,281,Europe,0.1,13.6,3.2,135.86
8/09/2020,2948,3,United_Kingdom,281,Europe,0.1,9.1,3.3,66.11
9/09/2020,2460,32,United_Kingdom,281,Europe,0.2,9.1,4.1,68.78
10/09/2020,2659,8,United_Kingdom,281,Europe,0.1,6.8,2,27.64
11/09/2020,2919,14,United_Kingdom,281,Europe,0.1,13.6,3.5,109.86
12/09/2020,3539,6,United_Kingdom,281,Europe,0.1,11.5,3.8,94.09
13/09/2020,3497,9,United_Kingdom,281,Europe,0.1,10.8,3.1,97.67
14/09/2020,3330,5,United_Kingdom,281,Europe,0.1,7.8,2.5,51.37
15/09/2020,2621,9,United_Kingdom,281,Europe,0.1,9.6,2.2,36.91
16/09/2020,3103,27,United_Kingdom,281,Europe,0.2,14.3,5,109.13
17/09/2020,3991,20,United_Kingdom,281,Europe,0.1,14.5,5.7,110.84
18/09/2020,3395,21,United_Kingdom,281,Europe,0.1,18.3,6.1,143.46
19/09/2020,4322,27,United_Kingdom,281,Europe,0.1,16.3,6,132.1
20/09/2020,4422,27,United_Kingdom,281,Europe,0.1,11.8,4.6,81.81
21/09/2020,3899,18,United_Kingdom,281,Europe,0.1,5,1.8,17.6
22/09/2020,4368,11,United_Kingdom,281,Europe,0.1,17.6,3.5,174.22
23/09/2020,4926,37,United_Kingdom,281,Europe,0.2,13.1,4.2,128.28
24/09/2020,6178,37,United_Kingdom,281,Europe,0.1,16.8,3.5,139.99
25/09/2020,6634,40,United_Kingdom,281,Europe,0.1,25.7,8.2,525.63
26/09/2020,6873,34,United_Kingdom,281,Europe,0.2,18.5,9.4,240.12
27/09/2020,6041,35,United_Kingdom,281,Europe,0.3,15.6,6.3,232.96
28/09/2020,5692,17,United_Kingdom,281,Europe,0.2,10.8,3.8,66.73
29/09/2020,4044,13,United_Kingdom,281,Europe,0.1,10.6,3,59.71
30/09/2020,7143,71,United_Kingdom,281,Europe,0.1,16,3.6,161.78
1/10/2020,7108,71,United_Kingdom,281,Europe,0.1,9.5,3,70.19
2/10/2020,6914,59,United_Kingdom,281,Europe,0.1,22.8,6,248.22
3/10/2020,6968,66,United_Kingdom,281,Europe,0.1,14.1,3.6,121.4
4/10/2020,12871,49,United_Kingdom,281,Europe,0.5,18.3,4.3,248.15
5/10/2020,22961,33,United_Kingdom,281,Europe,0.3,15.6,4.3,164.41
6/10/2020,12593,19,United_Kingdom,281,Europe,0.7,16.8,5.1,185.27
7/10/2020,14542,76,United_Kingdom,281,Europe,0.2,14.3,4.5,115.99
8/10/2020,14162,70,United_Kingdom,281,Europe,0.1,18.3,4.8,276.33
9/10/2020,17540,77,United_Kingdom,281,Europe,0.1,13.8,2.6,136.24
10/10/2020,13864,87,United_Kingdom,281,Europe,0.2,14.1,4.1,134.26
11/10/2020,15165,81,United_Kingdom,281,Europe,0.2,9.3,3.8,78
12/10/2020,12872,65,United_Kingdom,281,Europe,0.1,9,2.5,44.32
13/10/2020,13972,50,United_Kingdom,281,Europe,0.1,10,3.4,67.54
14/10/2020,17232,143,United_Kingdom,281,Europe,0.1,13.3,4,91.06
15/10/2020,19724,137,United_Kingdom,281,Europe,0.1,11.6,4.1,108.76
16/10/2020,18978,138,United_Kingdom,281,Europe,0.1,6.8,2.9,32.81
17/10/2020,15635,136,United_Kingdom,281,Europe,0.1,8,2.5,31.46
18/10/2020,16171,150,United_Kingdom,281,Europe,0.1,4.8,1.5,12.86
19/10/2020,16981,67,United_Kingdom,281,Europe,0.1,17.5,4.8,169.22
20/10/2020,18803,80,United_Kingdom,281,Europe,0.2,16.1,4.7,168.18
21/10/2020,21330,241,United_Kingdom,281,Europe,0.1,14.5,3.6,106.89
22/10/2020,26687,191,United_Kingdom,281,Europe,0.1,15.5,4.6,128.74
23/10/2020,21238,189,United_Kingdom,281,Europe,0.1,15,4.2,133.6
24/10/2020,20531,224,United_Kingdom,281,Europe,0.1,22.1,6.1,306.14
25/10/2020,23012,174,United_Kingdom,281,Europe,0.1,11.5,3.4,98.11
26/10/2020,19790,151,United_Kingdom,281,Europe,0.2,13,3.8,104.9
27/10/2020,20890,102,United_Kingdom,281,Europe,0.3,15.6,3.8,180.96
28/10/2020,22885,367,United_Kingdom,281,Europe,0.2,17.6,4.3,181
29/10/2020,24700,310,United_Kingdom,281,Europe,0.1,17.6,5.2,237.32
30/10/2020,23065,280,United_Kingdom,281,Europe,1,17.8,6.4,224.91
31/10/2020,24405,274,United_Kingdom,281,Europe,0.5,20.3,6.4,237.71
1/11/2020,21915,326,United_Kingdom,281,Europe,1.1,25,7.9,354.52
2/11/2020,23254,162,United_Kingdom,281,Europe,0.2,27.3,9,395.6
3/11/2020,18950,136,United_Kingdom,281,Europe,0.1,16,5.1,135.69
4/11/2020,20018,397,United_Kingdom,281,Europe,0.1,5.8,2,16.6
5/11/2020,25177,492,United_Kingdom,281,Europe,0.1,3.6,1.5,6.75
6/11/2020,24138,378,United_Kingdom,281,Europe,0.1,11,3.6,77.75
7/11/2020,23287,355,United_Kingdom,281,Europe,0.1,7.6,2.6,45.43
8/11/2020,24957,413,United_Kingdom,281,Europe,0.1,4.8,1.8,17.47
9/11/2020,20572,156,United_Kingdom,281,Europe,0.1,9,2.5,48.61
10/11/2020,21350,194,United_Kingdom,281,Europe,0.1,6.1,2.5,26.39
11/11/2020,20412,532,United_Kingdom,281,Europe,0.1,20.1,5.4,245.24
12/11/2020,22950,595,United_Kingdom,281,Europe,0.2,14.6,5.2,124.32
13/11/2020,33470,563,United_Kingdom,281,Europe,0.1,11.8,3.6,94.75
14/11/2020,27301,376,United_Kingdom,281,Europe,0.2,19,6,222.64
15/11/2020,26860,462,United_Kingdom,281,Europe,0.8,20,6.6,212.48
16/11/2020,24962,168,United_Kingdom,281,Europe,1.5,15.6,6.1,147.4
17/11/2020,21363,213,United_Kingdom,281,Europe,1.2,16.8,6.1,170.86
18/11/2020,20051,598,United_Kingdom,281,Europe,1.2,18.6,7.2,180.65
19/11/2020,19609,529,United_Kingdom,281,Europe,0.2,17,6.5,164.88
20/11/2020,22915,501,United_Kingdom,281,Europe,0.1,12.3,3.7,85.18
21/11/2020,20252,511,United_Kingdom,281,Europe,1.4,17.3,6.3,165.77
22/11/2020,19875,340,United_Kingdom,281,Europe,0.1,10.1,3.8,50.34
23/11/2020,18662,125,United_Kingdom,281,Europe,0.1,8,2,38.4
24/11/2020,15450,479,United_Kingdom,281,Europe,0.2,14,4.3,99.07
25/11/2020,11299,608,United_Kingdom,281,Europe,0.1,9.8,3.2,52.93
26/11/2020,18213,695,United_Kingdom,281,Europe,0.1,5.6,1.5,17.52
27/11/2020,17555,498,United_Kingdom,281,Europe,0.1,5.1,1.3,15.75
28/11/2020,14739,520,United_Kingdom,281,Europe,0.1,9.8,2.5,51.92
29/11/2020,15871,479,United_Kingdom,281,Europe,0.1,5.6,1.8,22.42
30/11/2020,12155,215,United_Kingdom,281,Europe,0.1,17.8,3,114.88
1/12/2020,12330,203,United_Kingdom,281,Europe,0.1,13.6,4.3,127.81
2/12/2020,13429,603,United_Kingdom,281,Europe,0.1,5.1,1.6,11.86
3/12/2020,16170,648,United_Kingdom,281,Europe,0.1,5.3,2,20.23
4/12/2020,14878,414,United_Kingdom,281,Europe,0.1,10.5,2.4,51.73
5/12/2020,16298,504,United_Kingdom,281,Europe,0.1,6.4,2.6,27.43
6/12/2020,15539,397,United_Kingdom,281,Europe,0.1,5.6,1.8,18.13
7/12/2020,17271,231,United_Kingdom,281,Europe,0.1,3.6,1.2,4.93
8/12/2020,14718,189,United_Kingdom,281,Europe,0.1,2.8,0.8,6.04
9/12/2020,12281,599,United_Kingdom,281,Europe,0.1,5.1,2.5,16.09
10/12/2020,16578,533,United_Kingdom,281,Europe,0.1,7.2,3.4,34.11
11/12/2020,20964,516,United_Kingdom,281,Europe,0.1,5,1.5,10.44
12/12/2020,21672,424,United_Kingdom,281,Europe,0.2,11.4,3.8,74.68
13/12/2020,21501,520,United_Kingdom,281,Europe,0.1,7.8,3.6,57.15
14/12/2020,18447,144,United_Kingdom,281,Europe,0.1,8.7,3.6,55.12
31/12/2019,0,0,United_States_of_America,36,America,0.2,13.7,4.0,120.3
1/01/2020,0,0,United_States_of_America,36,America,0.2,13.7,4.0,120.5
2/01/2020,0,0,United_States_of_America,36,America,0.2,7,1.7,60.69
3/01/2020,0,0,United_States_of_America,36,America,0.1,6.5,1.4,35.29
4/01/2020,0,0,United_States_of_America,36,America,0.1,21,2.5,178.47
5/01/2020,0,0,United_States_of_America,36,America,0.5,33,7.6,435.97
6/01/2020,0,0,United_States_of_America,36,America,0.2,24,4,134.89
7/01/2020,0,0,United_States_of_America,36,America,0.1,10.1,2,33.68
8/01/2020,0,0,United_States_of_America,36,America,0.2,25,5.5,242.63
9/01/2020,0,0,United_States_of_America,36,America,0.1,13,3.1,90.13
10/01/2020,0,0,United_States_of_America,36,America,0.1,13,3.6,67.46
11/01/2020,0,0,United_States_of_America,36,America,0.1,15.8,4.5,119.7
12/01/2020,0,0,United_States_of_America,36,America,0.2,17.4,6.4,161.4
13/01/2020,0,0,United_States_of_America,36,America,0.1,9.2,1.7,37.26
14/01/2020,0,0,United_States_of_America,36,America,0.1,12,2.4,56.71
15/01/2020,0,0,United_States_of_America,36,America,0.1,16,2,86.32
16/01/2020,0,0,United_States_of_America,36,America,0.1,20.7,6.7,284.9
17/01/2020,0,0,United_States_of_America,36,America,0.2,16.6,5.8,183.88
18/01/2020,0,0,United_States_of_America,36,America,0.1,11.7,1.9,80.41
19/01/2020,0,0,United_States_of_America,36,America,0.1,13.4,5,95.02
20/01/2020,0,0,United_States_of_America,36,America,0.5,13.6,4.6,76.54
21/01/2020,1,0,United_States_of_America,36,America,0.1,5.6,2.5,18.08
22/01/2020,0,0,United_States_of_America,36,America,0.1,3,1,5.29
23/01/2020,0,0,United_States_of_America,36,America,0.1,5,1,11.48
24/01/2020,0,0,United_States_of_America,36,America,0.1,14.6,1.5,79.48
25/01/2020,1,0,United_States_of_America,36,America,0.1,20.3,4,187.12
26/01/2020,0,0,United_States_of_America,36,America,0.1,9.7,3.1,45.66
27/01/2020,3,0,United_States_of_America,36,America,0.2,12,3.5,49.41
28/01/2020,0,0,United_States_of_America,36,America,1.2,12.2,4.5,104.07
29/01/2020,0,0,United_States_of_America,36,America,0.2,17,4.8,87.25
30/01/2020,0,0,United_States_of_America,36,America,0.1,7.6,2,38.29
31/01/2020,1,0,United_States_of_America,36,America,0.1,8,0.9,19.03
1/02/2020,1,0,United_States_of_America,36,America,0.1,6.5,1,16.39
2/02/2020,1,0,United_States_of_America,36,America,0.1,15,2.5,92.01
3/02/2020,3,0,United_States_of_America,36,America,0.1,8.3,2.7,40.3
4/02/2020,0,0,United_States_of_America,36,America,0.1,3.4,1.1,6.29
5/02/2020,0,0,United_States_of_America,36,America,0.2,7.5,2.7,35.4
6/02/2020,1,0,United_States_of_America,36,America,0.1,9.1,2.4,50.33
7/02/2020,0,0,United_States_of_America,36,America,0.1,22,4,282.56
8/02/2020,0,0,United_States_of_America,36,America,0.2,14,3.7,89.7
9/02/2020,0,0,United_States_of_America,36,America,5,8.2,7.2,10.28
10/02/2020,0,0,United_States_of_America,36,America,2.3,6.4,4.8,11.85
11/02/2020,1,0,United_States_of_America,36,America,0.1,4.5,3.3,14.98
12/02/2020,0,0,United_States_of_America,36,America,0.7,5.6,2.6,25.26
13/02/2020,1,0,United_States_of_America,36,America,0.5,4.9,3.2,13.15
14/02/2020,1,0,United_States_of_America,36,America,1.1,7.1,5.4,32.82
15/02/2020,0,0,United_States_of_America,36,America,1.2,9.3,2.7,76.84
16/02/2020,0,0,United_States_of_America,36,America,1.1,9.4,2.5,41.65
17/02/2020,0,0,United_States_of_America,36,America,0.7,7.2,2.8,29.15
18/02/2020,0,0,United_States_of_America,36,America,0.1,6.3,1.8,23.5
19/02/2020,0,0,United_States_of_America,36,America,0.3,5.8,1.3,19.41
20/02/2020,0,0,United_States_of_America,36,America,0.1,3.6,1.3,6.64
21/02/2020,1,0,United_States_of_America,36,America,0.2,23.4,2,227.05
22/02/2020,19,0,United_States_of_America,36,America,0.2,23.8,9.7,292.11
23/02/2020,0,0,United_States_of_America,36,America,0.1,14,6.7,162.11
24/02/2020,0,0,United_States_of_America,36,America,0.1,15.7,6.3,121.43
25/02/2020,18,0,United_States_of_America,36,America,0.1,12.7,4.1,114.51
26/02/2020,0,0,United_States_of_America,36,America,0.5,13.6,3.3,71.4
27/02/2020,6,0,United_States_of_America,36,America,0.3,7.8,2.6,27.39
28/02/2020,1,0,United_States_of_America,36,America,0.1,14.4,6,89.41
29/02/2020,6,0,United_States_of_America,36,America,0.1,10.6,3.4,55.27
1/03/2020,3,1,United_States_of_America,36,America,0.1,13.9,2.9,102.74
2/03/2020,20,1,United_States_of_America,36,America,0.1,15.2,5.6,98.57
3/03/2020,14,4,United_States_of_America,36,America,0.2,12.6,2.8,60.65
4/03/2020,22,3,United_States_of_America,36,America,0.1,13.7,3.6,51.05
5/03/2020,34,2,United_States_of_America,36,America,1.6,15.1,4.7,99.68
6/03/2020,74,1,United_States_of_America,36,America,0.1,13.3,2.4,100.44
7/03/2020,105,2,United_States_of_America,36,America,0.1,11.1,1.8,38.06
8/03/2020,95,3,United_States_of_America,36,America,0.3,16.5,4.4,187.3
9/03/2020,121,4,United_States_of_America,36,America,1.6,20,4.2,189.76
10/03/2020,200,5,United_States_of_America,36,America,0.3,12,3.5,96.89
11/03/2020,271,2,United_States_of_America,36,America,1.5,18,5.9,179.97
12/03/2020,287,2,United_States_of_America,36,America,0.1,11,3.2,45.61
13/03/2020,351,10,United_States_of_America,36,America,0.1,12,4.2,101.58
14/03/2020,511,7,United_States_of_America,36,America,0.2,18,3.4,163.36
15/03/2020,777,10,United_States_of_America,36,America,0.2,20,4.4,173.79
16/03/2020,823,12,United_States_of_America,36,America,0.2,20,6.1,215.74
17/03/2020,887,16,United_States_of_America,36,America,0.2,17,5.6,207.08
18/03/2020,1766,23,United_States_of_America,36,America,0.5,17.5,6.8,240.8
19/03/2020,2988,42,United_States_of_America,36,America,0.2,17,4.1,123.37
20/03/2020,4835,0,United_States_of_America,36,America,0.2,21,5.1,180.51
21/03/2020,5374,110,United_States_of_America,36,America,0.2,15,3.2,120.07
22/03/2020,7123,80,United_States_of_America,36,America,0.1,12,3,55.67
23/03/2020,8459,131,United_States_of_America,36,America,0.1,11.1,3.8,68.43
24/03/2020,11236,119,United_States_of_America,36,America,0.1,14,7.3,111.79
25/03/2020,8789,211,United_States_of_America,36,America,0.2,12,3.3,70.54
26/03/2020,13963,249,United_States_of_America,36,America,0.2,8.7,3,34.09
27/03/2020,16797,246,United_States_of_America,36,America,0.1,9.6,3,56.48
28/03/2020,18695,411,United_States_of_America,36,America,0.1,9.6,3,49.97
29/03/2020,19979,484,United_States_of_America,36,America,0.4,18,6,176.19
30/03/2020,18360,318,United_States_of_America,36,America,0.2,12,3.3,70.54
31/03/2020,21595,661,United_States_of_America,36,America,0.1,9.6,3,56.48
1/04/2020,24998,909,United_States_of_America,36,America,0.4,18,6,176.19
2/04/2020,27103,1059,United_States_of_America,36,America,0.1,29,8.8,505.08
3/04/2020,28819,915,United_States_of_America,36,America,0.1,25,9.1,500.38
4/04/2020,32425,1104,United_States_of_America,36,America,0.1,17,4.2,110.85
5/04/2020,34272,1344,United_States_of_America,36,America,0.1,11,3,79.6
6/04/2020,25398,1146,United_States_of_America,36,America,0.2,16,3.6,129.52
7/04/2020,30561,1342,United_States_of_America,36,America,0.1,18,3,186.65
8/04/2020,30613,1906,United_States_of_America,36,America,0.1,12.5,3.5,60.36
9/04/2020,33323,1922,United_States_of_America,36,America,0.2,17.2,6.1,192.06
10/04/2020,33901,1873,United_States_of_America,36,America,0.1,32,9.2,497.55
11/04/2020,35527,2087,United_States_of_America,36,America,0.1,19,5.6,175.21
12/04/2020,28391,1831,United_States_of_America,36,America,0.1,18,4,248.22
13/04/2020,27620,1500,United_States_of_America,36,America,0.1,29,9,616.42
14/04/2020,25023,1541,United_States_of_America,36,America,0.1,20,4.6,185.95
15/04/2020,26922,2408,United_States_of_America,36,America,0.1,16,4.1,126.23
16/04/2020,30148,4928,United_States_of_America,36,America,0.1,24,7.7,196.37
17/04/2020,31667,2299,United_States_of_America,36,America,0.1,8.5,3.6,50.76
18/04/2020,30833,3770,United_States_of_America,36,America,0.1,8,3.6,49.54
19/04/2020,32922,1856,United_States_of_America,36,America,0.3,17,4.6,189.84
20/04/2020,24601,1772,United_States_of_America,36,America,0.2,6.6,2.8,27.58
21/04/2020,28065,1857,United_States_of_America,36,America,0.1,25,5.1,402.3
22/04/2020,37289,2524,United_States_of_America,36,America,0.1,28,8.5,499.88
23/04/2020,17588,1721,United_States_of_America,36,America,0.1,12,3,74.59
24/04/2020,26543,3179,United_States_of_America,36,America,0.1,19,4.6,341.1
25/04/2020,21352,1054,United_States_of_America,36,America,0.1,12,3,79
26/04/2020,48529,2172,United_States_of_America,36,America,0.1,28,5.1,256.35
27/04/2020,26857,1687,United_States_of_America,36,America,0.1,11.2,5.6,85.01
28/04/2020,22541,1369,United_States_of_America,36,America,0.1,12,3,99.29
29/04/2020,24132,2110,United_States_of_America,36,America,0.1,18,4.1,189.49
30/04/2020,27326,2611,United_States_of_America,36,America,0.1,26,5.1,429.76
1/05/2020,29917,2040,United_States_of_America,36,America,0.1,11,3,90.23
2/05/2020,33955,2062,United_States_of_America,36,America,0.1,16,3.6,100.54
3/05/2020,29288,1317,United_States_of_America,36,America,0.1,17,4,151.32
4/05/2020,24972,1297,United_States_of_America,36,America,0.2,31,5.3,554.88
5/05/2020,22593,1252,United_States_of_America,36,America,0.1,19,4.5,197.57
6/05/2020,23841,2144,United_States_of_America,36,America,0.1,20,4.6,189.86
7/05/2020,24128,2353,United_States_of_America,36,America,0.3,16,4.1,120.3
8/05/2020,28369,2239,United_States_of_America,36,America,0.1,21,5,180.93
9/05/2020,26957,1510,United_States_of_America,36,America,0.1,29,13.8,752.76
10/05/2020,25612,1614,United_States_of_America,36,America,0.1,17,7.7,167.84
11/05/2020,20258,734,United_States_of_America,36,America,0.1,30.5,6,381.07
12/05/2020,18117,1156,United_States_of_America,36,America,0.1,27,9.1,361.56
13/05/2020,22048,1703,United_States_of_America,36,America,0.1,18,6.1,221.19
14/05/2020,20782,1746,United_States_of_America,36,America,0.1,13,4.6,109.34
15/05/2020,27143,1773,United_States_of_America,36,America,0.1,20,5,337.65
16/05/2020,25508,1662,United_States_of_America,36,America,0.1,15,4.5,147.85
17/05/2020,24487,1186,United_States_of_America,36,America,0.2,13,4.1,77.03
18/05/2020,18873,808,United_States_of_America,36,America,0.1,15,4.7,123.4
19/05/2020,21841,791,United_States_of_America,36,America,0.1,25,10.9,546.94
20/05/2020,19970,1568,United_States_of_America,36,America,0.1,18,6.6,205.07
21/05/2020,23285,1518,United_States_of_America,36,America,0.1,16,4,120.74
22/05/2020,25434,1263,United_States_of_America,36,America,0.1,17,4.1,130.76
23/05/2020,24147,1305,United_States_of_America,36,America,0.1,23,4.1,303.15
24/05/2020,21236,1080,United_States_of_America,36,America,0.1,19,6.2,226.39
25/05/2020,20568,633,United_States_of_America,36,America,0.1,12.6,4.6,55.21
26/05/2020,19064,500,United_States_of_America,36,America,1.5,12,4.6,83.23
27/05/2020,18910,696,United_States_of_America,36,America,1.4,8.6,5.6,41.93
28/05/2020,18721,1526,United_States_of_America,36,America,1.8,21,10,226.9
29/05/2020,21817,1175,United_States_of_America,36,America,3,12,6.4,53.94
30/05/2020,25337,1219,United_States_of_America,36,America,0.1,18,5.6,150.27
31/05/2020,23297,945,United_States_of_America,36,America,0.1,23,9.5,308.83
1/06/2020,19807,602,United_States_of_America,36,America,0.1,17,6.6,250.45
2/06/2020,21086,764,United_States_of_America,36,America,0.1,17,6,189.73
3/06/2020,20544,1034,United_States_of_America,36,America,0.1,13,5.3,125.6
4/06/2020,19699,994,United_States_of_America,36,America,0.1,9.5,4.6,76.65
5/06/2020,21140,1036,United_States_of_America,36,America,1.5,13,6,63.45
6/06/2020,25178,932,United_States_of_America,36,America,0.3,11.8,4.1,76.9
7/06/2020,22223,659,United_States_of_America,36,America,0.2,16,5.7,118.03
8/06/2020,22302,712,United_States_of_America,36,America,0.1,11,3.6,133.24
9/06/2020,18822,493,United_States_of_America,36,America,0.7,15,4,172.82
10/06/2020,18665,999,United_States_of_America,36,America,0.1,14,8,224.81
11/06/2020,20614,918,United_States_of_America,36,America,0.2,13,7.4,69.3
12/06/2020,22883,896,United_States_of_America,36,America,1.1,16,4.6,69.92
13/06/2020,25639,849,United_States_of_America,36,America,0.1,15,4.6,62.05
14/06/2020,25540,767,United_States_of_America,36,America,0.1,12,5,83.55
15/06/2020,19543,296,United_States_of_America,36,America,0.5,17,5,182.41
16/06/2020,19957,395,United_States_of_America,36,America,0.1,15,6,148.41
17/06/2020,23705,836,United_States_of_America,36,America,0.1,17,6,199.47
18/06/2020,25559,754,United_States_of_America,36,America,0.8,12,6,59.08
19/06/2020,27762,717,United_States_of_America,36,America,0.2,11.1,5,107.22
20/06/2020,29909,678,United_States_of_America,36,America,0.1,17,4,176.07
21/06/2020,34158,607,United_States_of_America,36,America,0.3,13,5,140.93
22/06/2020,25793,256,United_States_of_America,36,America,0.1,18,4.6,211.79
23/06/2020,31390,427,United_States_of_America,36,America,0.1,18,9.3,230.39
24/06/2020,34720,826,United_States_of_America,36,America,0.1,18,7.3,217.28
25/06/2020,34339,751,United_States_of_America,36,America,0.1,20,5,193.83
26/06/2020,40949,2437,United_States_of_America,36,America,0.1,17,3.5,246.84
27/06/2020,45527,623,United_States_of_America,36,America,0.1,16,4.3,175.66
28/06/2020,42486,500,United_States_of_America,36,America,0.1,16.5,3.2,118.87
29/06/2020,38673,265,United_States_of_America,36,America,0.1,13.3,4.6,131.69
30/06/2020,41556,336,United_States_of_America,36,America,0.1,9,3,71.63
1/07/2020,43880,1270,United_States_of_America,36,America,0.1,6.4,2.3,16.3
2/07/2020,52048,652,United_States_of_America,36,America,0.1,5.6,2.1,24.84
3/07/2020,53399,678,United_States_of_America,36,America,0.2,16,3,108.01
4/07/2020,54442,694,United_States_of_America,36,America,0.5,12,5,106.1
5/07/2020,45221,242,United_States_of_America,36,America,0.1,11.2,3.3,78.03
6/07/2020,49093,271,United_States_of_America,36,America,0.1,14,3,96.6
7/07/2020,49990,359,United_States_of_America,36,America,0.1,15,3.4,104.55
8/07/2020,57473,1174,United_States_of_America,36,America,0.1,15,4.1,66.74
9/07/2020,58906,829,United_States_of_America,36,America,0.1,13,4.1,80.22
10/07/2020,63004,982,United_States_of_America,36,America,0.1,22,7.5,275.86
11/07/2020,66625,806,United_States_of_America,36,America,0.1,14.6,6.1,140.85
12/07/2020,63051,717,United_States_of_America,36,America,0.1,20,4.7,133.85
13/07/2020,57258,391,United_States_of_America,36,America,0.2,15,3,96.82
14/07/2020,58114,400,United_States_of_America,36,America,0.1,15.5,3.6,68.18
15/07/2020,68518,861,United_States_of_America,36,America,0.1,14,4.3,97.76
16/07/2020,67717,953,United_States_of_America,36,America,0.1,8.5,3.7,36.81
17/07/2020,76930,939,United_States_of_America,36,America,0.1,13,4,78.02
18/07/2020,71494,908,United_States_of_America,36,America,0.1,12,2,75.42
19/07/2020,63749,853,United_States_of_America,36,America,0.1,12,4.5,92.9
20/07/2020,61796,415,United_States_of_America,36,America,0.5,7.2,3,28.97
21/07/2020,56750,372,United_States_of_America,36,America,0.1,16,3.5,114.53
22/07/2020,72048,1160,United_States_of_America,36,America,0.1,16,4,137.86
23/07/2020,68848,1124,United_States_of_America,36,America,0.1,11,4,60.57
24/07/2020,63196,1052,United_States_of_America,36,America,0.1,11.3,2.5,50.83
25/07/2020,78427,1304,United_States_of_America,36,America,0.2,15,3,80.98
26/07/2020,65498,914,United_States_of_America,36,America,0.4,18,3.6,100.35
27/07/2020,55993,475,United_States_of_America,36,America,0.2,17,4.1,105.89
28/07/2020,56243,1076,United_States_of_America,36,America,0.3,16,4,50.94
29/07/2020,61734,1245,United_States_of_America,36,America,0.3,18,3.8,106.64
30/07/2020,74985,1457,United_States_of_America,36,America,0.1,9,1.6,26.31
31/07/2020,68032,1357,United_States_of_America,36,America,0.1,6.4,1.8,25.93
1/08/2020,67023,1244,United_States_of_America,36,America,0.1,8.7,3,63.82
2/08/2020,58407,1133,United_States_of_America,36,America,0.5,15,5.2,163.29
3/08/2020,47511,413,United_States_of_America,36,America,0.1,15,2.7,98.75
4/08/2020,45607,543,United_States_of_America,36,America,0.1,27.1,3,303.21
5/08/2020,57525,1403,United_States_of_America,36,America,0.1,8.5,3.1,45.06
6/08/2020,52804,1450,United_States_of_America,36,America,0.4,5.9,2.5,16.26
7/08/2020,59755,1848,United_States_of_America,36,America,0.1,5.7,2.5,23.11
8/08/2020,58150,1252,United_States_of_America,36,America,0.1,8,3.4,43.64
9/08/2020,56221,1069,United_States_of_America,36,America,0.1,11.9,3.2,81.45
10/08/2020,46847,513,United_States_of_America,36,America,0.4,18,3,133.55
11/08/2020,49530,523,United_States_of_America,36,America,0.1,12.2,4.2,77.11
12/08/2020,46813,1076,United_States_of_America,36,America,0.2,7,2,27.39
13/08/2020,55941,1490,United_States_of_America,36,America,0.1,10,2.3,70.17
14/08/2020,51094,1083,United_States_of_America,36,America,0.1,11,3,54.06
15/08/2020,64838,1336,United_States_of_America,36,America,0.2,10.6,4.3,58.84
16/08/2020,48085,1035,United_States_of_America,36,America,1.4,16,6.6,100.88
17/08/2020,42104,571,United_States_of_America,36,America,0.1,12,2.5,80.43
18/08/2020,35056,445,United_States_of_America,36,America,0.1,8.4,2,24.61
19/08/2020,44091,1324,United_States_of_America,36,America,0.2,9,2,23.92
20/08/2020,47426,1356,United_States_of_America,36,America,0.2,5.6,2.2,13.74
21/08/2020,44005,1078,United_States_of_America,36,America,0.3,8,3.6,32.85
22/08/2020,49880,1151,United_States_of_America,36,America,0.5,7.5,3,22.95
23/08/2020,44378,956,United_States_of_America,36,America,0.1,7.3,2.5,33.54
24/08/2020,34506,444,United_States_of_America,36,America,0.2,15,2.5,89.41
25/08/2020,38298,473,United_States_of_America,36,America,0.1,16,3.8,113.59
26/08/2020,38119,1207,United_States_of_America,36,America,0.1,19,4.5,156.28
27/08/2020,42848,1228,United_States_of_America,36,America,0.1,17.5,3,197.02
28/08/2020,45909,1110,United_States_of_America,36,America,0.1,15,2.5,138.9
29/08/2020,49654,949,United_States_of_America,36,America,1.3,11,4.6,67.02
30/08/2020,44143,1006,United_States_of_America,36,America,0.2,18,5.6,160.04
31/08/2020,35581,290,United_States_of_America,36,America,0.1,10,2,95.86
1/09/2020,33850,529,United_States_of_America,36,America,0.4,15,3.6,151.65
2/09/2020,44639,1091,United_States_of_America,36,America,0.5,13,5,76.54
3/09/2020,38754,1055,United_States_of_America,36,America,0.1,9,3.7,65.67
4/09/2020,36249,1053,United_States_of_America,36,America,0.1,15,3.6,118.62
5/09/2020,51071,968,United_States_of_America,36,America,0.1,12,3,117.69
6/09/2020,44140,773,United_States_of_America,36,America,0.2,17,3,151.19
7/09/2020,30555,403,United_States_of_America,36,America,0.1,17,4.3,175.95
8/09/2020,24250,267,United_States_of_America,36,America,0.1,11,3.2,73.74
9/09/2020,27122,471,United_States_of_America,36,America,0.1,9,1.7,60.55
10/09/2020,31927,1136,United_States_of_America,36,America,0.1,10,1.5,51.38
11/09/2020,37507,974,United_States_of_America,36,America,0.2,6.6,2.7,25.31
12/09/2020,48061,1227,United_States_of_America,36,America,0.2,13,3.5,104.58
13/09/2020,40820,685,United_States_of_America,36,America,0.1,9.2,3.6,57.25
14/09/2020,33871,378,United_States_of_America,36,America,0.2,20,4.2,238.61
15/09/2020,34841,451,United_States_of_America,36,America,0.1,17,1.7,136.18
16/09/2020,51473,1407,United_States_of_America,36,America,0.2,15,3.7,88.54
17/09/2020,24598,865,United_States_of_America,36,America,0.2,5.1,1.5,16.6
18/09/2020,43567,831,United_States_of_America,36,America,0.1,19,3.2,146.54
19/09/2020,50209,956,United_States_of_America,36,America,0.2,18,2.2,186.72
20/09/2020,40295,669,United_States_of_America,36,America,0.1,20,3.7,210.4
21/09/2020,39852,251,United_States_of_America,36,America,0.1,8.5,3,51.75
22/09/2020,53153,372,United_States_of_America,36,America,0.1,16,3.2,127.71
23/09/2020,38307,926,United_States_of_America,36,America,0.1,16,3,104.09
24/09/2020,37930,1102,United_States_of_America,36,America,0.1,5.1,1.5,15
25/09/2020,44213,901,United_States_of_America,36,America,0.1,12,1.5,35.73
26/09/2020,55013,964,United_States_of_America,36,America,0.2,13,3,98.68
27/09/2020,45368,723,United_States_of_America,36,America,0.1,11,1.5,79.17
28/09/2020,36248,259,United_States_of_America,36,America,0.2,10.1,4.2,48.65
29/09/2020,32998,314,United_States_of_America,36,America,0.2,15.2,4.2,96.99
30/09/2020,43017,928,United_States_of_America,36,America,0.1,18.1,5.3,175.99
1/10/2020,41982,930,United_States_of_America,36,America,0.1,7.5,3,34.32
2/10/2020,44771,880,United_States_of_America,36,America,0.2,6.1,2,25.53
3/10/2020,54471,908,United_States_of_America,36,America,0.1,9,2,47.92
4/10/2020,50659,678,United_States_of_America,36,America,0.1,6.1,2.5,23.5
5/10/2020,34901,400,United_States_of_America,36,America,0.1,4.6,1.5,15.35
6/10/2020,40705,398,United_States_of_America,36,America,0.1,6.6,2.7,25.31
7/10/2020,43062,717,United_States_of_America,36,America,0.8,12.7,5,98.38
8/10/2020,48182,892,United_States_of_America,36,America,0.1,21,4.5,211.36
9/10/2020,56800,972,United_States_of_America,36,America,0.1,13,2.5,102.31
10/10/2020,58082,1014,United_States_of_America,36,America,0.3,16,4.7,110.34
11/10/2020,54271,590,United_States_of_America,36,America,0.4,9.5,3.5,42.2
12/10/2020,43597,394,United_States_of_America,36,America,2,14.2,7.2,139.76
13/10/2020,41653,314,United_States_of_America,36,America,0.4,14.7,7.5,175.37
14/10/2020,52517,817,United_States_of_America,36,America,0.1,8.5,2.5,42.4
15/10/2020,59386,970,United_States_of_America,36,America,0.1,25,4.1,263.02
16/10/2020,63785,828,United_States_of_America,36,America,0.1,8,2.8,45.52
17/10/2020,70256,899,United_States_of_America,36,America,0.1,8,2.7,35.57
18/10/2020,56611,690,United_States_of_America,36,America,0.1,15,3.2,110.47
19/10/2020,47843,385,United_States_of_America,36,America,0.2,13,2.5,59.68
20/10/2020,60160,459,United_States_of_America,36,America,0.1,3.8,0.6,8.54
21/10/2020,58549,933,United_States_of_America,36,America,0.1,5,1,13.91
22/10/2020,62978,1135,United_States_of_America,36,America,0.1,4,0.7,10.15
23/10/2020,72058,841,United_States_of_America,36,America,0.1,7.5,2.1,27.13
24/10/2020,85329,953,United_States_of_America,36,America,0.2,10,3,78.55
25/10/2020,83056,904,United_States_of_America,36,America,0.1,12,3.7,71.05
26/10/2020,59440,331,United_States_of_America,36,America,0.1,15,2.2,65.75
27/10/2020,68359,505,United_States_of_America,36,America,0.1,7.6,2,39.24
28/10/2020,75129,988,United_States_of_America,36,America,0.1,4.6,1.8,19.7
29/10/2020,78371,977,United_States_of_America,36,America,0.1,24,4.2,318.6
30/10/2020,88130,968,United_States_of_America,36,America,0.1,14.7,4.6,205.31
31/10/2020,101273,1040,United_States_of_America,36,America,0.1,5.6,1.8,16.75
1/11/2020,78934,848,United_States_of_America,36,America,0.1,14.2,5.1,171.22
2/11/2020,81001,440,United_States_of_America,36,America,0.2,19.3,7.5,259.13
3/11/2020,83883,555,United_States_of_America,36,America,0.2,14.5,6,172.24
4/11/2020,92734,1076,United_States_of_America,36,America,0.1,8,3.2,46.1
5/11/2020,102507,1102,United_States_of_America,36,America,0.2,10.3,2,42.74
6/11/2020,122436,1208,United_States_of_America,36,America,0.1,6.9,1.7,29.12
7/11/2020,130623,1162,United_States_of_America,36,America,0.1,4.6,1.2,12.42
8/11/2020,121413,1014,United_States_of_America,36,America,0.1,4.1,0.7,11.66
9/11/2020,110693,459,United_States_of_America,36,America,0.1,5.1,1.5,14.04
10/11/2020,138901,679,United_States_of_America,36,America,0.1,7.3,2.5,35.3
11/11/2020,147274,1432,United_States_of_America,36,America,0.1,5.4,2,14.59
12/11/2020,143306,2117,United_States_of_America,36,America,0.1,10.8,3.6,82.22
13/11/2020,153669,630,United_States_of_America,36,America,0.1,6,2,27.89
14/11/2020,184813,1915,United_States_of_America,36,America,0.1,8.4,2,36.04
15/11/2020,165277,1255,United_States_of_America,36,America,0.1,31,6,529.21
16/11/2020,132170,614,United_States_of_America,36,America,0.1,24,5.1,440.67
17/11/2020,168425,1006,United_States_of_America,36,America,0.2,25,4,416.56
18/11/2020,154316,1467,United_States_of_America,36,America,0.1,31,6,551.82
19/11/2020,170005,1850,United_States_of_America,36,America,0.1,11.7,4.6,71.32
20/11/2020,188020,2018,United_States_of_America,36,America,0.2,9.6,4.1,34.08
21/11/2020,196117,1858,United_States_of_America,36,America,0.1,7,3.5,33.3
22/11/2020,175494,1486,United_States_of_America,36,America,0.1,8.5,5.1,31.93
23/11/2020,157471,883,United_States_of_America,36,America,0.1,13.3,5,120.01
24/11/2020,173963,919,United_States_of_America,36,America,0.1,7.7,3.8,45.27
25/11/2020,170293,2224,United_States_of_America,36,America,0.1,6.1,2.5,15.77
26/11/2020,186589,2341,United_States_of_America,36,America,0.2,6.3,3.3,26.22
27/11/2020,106091,1189,United_States_of_America,36,America,0.1,5.6,2.1,16.24
28/11/2020,207913,1404,United_States_of_America,36,America,0.1,7.5,3,36.49
29/11/2020,154893,1204,United_States_of_America,36,America,0.1,5.5,2.6,12.22
30/11/2020,136670,810,United_States_of_America,36,America,0.1,15.5,4.1,129.89
1/12/2020,157903,1172,United_States_of_America,36,America,0.1,13.7,3.7,100.65
2/12/2020,180421,2600,United_States_of_America,36,America,0.1,11.5,6.4,68.16
3/12/2020,203311,3190,United_States_of_America,36,America,0.1,7.4,4.6,27.7
4/12/2020,214747,2481,United_States_of_America,36,America,0.1,8,3.5,26.78
5/12/2020,231930,2680,United_States_of_America,36,America,0.1,15,5.6,141.74
6/12/2020,211933,2203,United_States_of_America,36,America,0.1,16.3,7.4,155.98
7/12/2020,173432,1111,United_States_of_America,36,America,0.9,9,3.9,23.85
8/12/2020,197334,1433,United_States_of_America,36,America,0.1,10.8,5.5,59.61
9/12/2020,217344,2564,United_States_of_America,36,America,0.6,9.1,4.7,35.94
10/12/2020,220025,3124,United_States_of_America,36,America,0.1,18,3.8,114.01
11/12/2020,224680,2748,United_States_of_America,36,America,0.1,12,2.5,51.39
12/12/2020,234633,3343,United_States_of_America,36,America,0.1,8.5,2.5,25.5
13/12/2020,216017,2315,United_States_of_America,36,America,0.8,15,3.6,77.38
14/12/2020,189723,1340,United_States_of_America,36,America,0.2,18,3.8,126.47
